2017 Maßnahme,2017 Handlungsfeld,2016 Maßnahme,2016 Handlungsfeld,2016 Handlungsfeld Unterkapitel,2016 Kommentare
Bündelung der bestehenden Initiativen und Präsentation einer neuen digitalen Gesamtstrategie für den schulischen Bereich im 1. Quartal 2017,Bildung,nicht vorhanden,"Bildung, Integration und Inklusion",,
Vermittlung digitaler Kompetenzen an SchülerIn nen entlang des Modells digi.komp und Sicherstellung des Kompetenzerwerbs durch digi.check (siehe auch http://www.digikomp.at/),Bildung,Vermittlung standardisierter digitaler Kompetenzen in der Schule.,"Bildung, Integration und Inklusion",Bildung,36
"Vermittlung von informatischem Basiswissen (Coding, Computational Thinking) und Förderung eines spielerischen Zugangs zur Technik in der Grundschule",Bildung,"Vorbereitende, altersgerechte Vermittlung von digitalen Kompetenzen bereits im Kindergarten","Bildung, Integration und Inklusion",Bildung,20
"Förderung eines reflektierten und verant­ wortungsvollen Gebrauchs der Technologien (Medienbildung, Datenschutz, Ethik) in der Schule und praktische Angebote für Erwachsene zur Stärkung ihrer Medienkompetenz",Bildung,"Kinder möglichst früh im eigenverantwortlichen Umgang mit digitalen Technologien vertraut machen, einen altersadäquaten Zugang zur Informatik (insbesondere Algorithmic and Computational Thinking) fördern und so langfristig Geschlechterstereotypen in der späteren Berufsorientierung entgegenwirken.","Bildung, Integration und Inklusion",Bildung,9
"Verstärkung fach- und berufsbezogener Qualifikationen in den wesentlichen IT-Entwicklungsbereichen wie Netzwerktechnik, Betriebsinformatik, kommerzielle Datenverarbeitung und Datenbanken, Digital Business, technische Informatik, Medieninformatik und Medizin­informatik",Bildung,"Erwerb berufsspezifischer eSkills (IT als Werkzeug für die verschiedenen Berufsbilder) und fachlicher Qualifikationen (IT als Ausbildungsziel für Fachkräfte) in der schulischen, dualen und tertiären Ausbildung.","Bildung, Integration und Inklusion",Bildung,10
Besondere Maßnahmen zur Förderung von Mädchen und Frauen im digitalen und technischen Bereich,Bildung,"Besondere Maßnahmen zur Förderung von Mädchen und Frauen im digitalen und technischen Bereich, um den Gender Gap nachhaltig zu schließen","Bildung, Integration und Inklusion",Bildung,13
Stärkung der digitalen Kompetenzen von PädagogInnen durch Qualifizierungsmaßnahmen für den wirkungsvollen praktischen Einsatz digitaler Medien und von E-Learning im Unterricht (Fachdidaktik) sowie durch neue Formen und Modelle in der Fort- und Weiterbildung (z. B. MOOC und Ausbau der virtuellen pädagogischen Hochschule),Bildung,Qualifizierungsmaßnahmen digitaler Kompetenzen der Pädagoginnen und Pädagogen zum wirksamen Einsatz von digitalen Medien und eLearning im Unterricht.,"Bildung, Integration und Inklusion",Bildung,14
Peer-Learning-Modelle zur Verbreitung standortbezogener E-Learning-Konzepte (Know-how Transfer: Expertenschule – Einsteigerschule) und Förderung von Netzwerken innovativer Schulen,Bildung,Netzwerke innovativer Schulen fördern; eLearning-Strategien über Peer-Learning-Ansätze ausweiten.,"Bildung, Integration und Inklusion",Bildung,3
"Schrittweise Verankerung digitaler und interaktiver Schulbücher; digitale Bildungsmedien sowie offene und freie Bildungsinhalte (Open Educational Resources, kurz OERs) zugänglich machen; Angebote für (selbst organisierte) Weiterbildung ausbauen",Bildung,Digitale Schulbücher schrittweise verankern; digitale Bildungsmedien und offene und freie Bildungsinhalte (OER – Open Educational Resources) verstärkt als Unterrichtsmittel einsetzen sowie Erwachsenen für ihre (selbstorganisierte) Weiterbildung anbieten.,"Bildung, Integration und Inklusion",Bildung,13
Stärkere Förderung des Einsatzes innovativer Bildungstechnologien (z. B. Flipped Classroom),Bildung,Moderne pädagogische Modelle und neue Formate im Unterricht sowie in der Aus- und Weiterbildung von Pädagoginnen und Pädagogen verstärkt einsetzen.,"Bildung, Integration und Inklusion",Bildung,6
"Start der Innovationsstiftung Bildung 2017, die sich insbesondere den Themenbereichen „Digitale Bildung“ und „Forcierung von EduTech“ widmet (Stiftungsdotierung: 50 Mio. Euro)",Bildung,nicht vorhanden,"Bildung, Integration und Inklusion",,
"Rahmenbedingungen für den Technologie­ einsatz an den Schulstandorten optimieren, insbesondere durch den Ausbau von WLAN und Breitband",Bildung,"Rahmenbedingungen für den Technologieeinsatz an den Schulstandorten optimieren (insbesondere Ausbau von WLAN und Breitband); Schließung von infrastrukturellen Lücken und Schaffung einer (stan- dardisierten) Infrastruktur; Entwicklung von sozial verträglichen Finanzierungsmodellen für digitale Lernbegleiter (z. B. Tablets, Notebooks u. Ä.).","Bildung, Integration und Inklusion",Bildung,9
Verstärkter Einsatz von Open-Source-Software,Bildung,,"Bildung, Integration und Inklusion",Bildung,
Weiterentwicklung der Repositorieninitiative „e-infrastructure“ im Rahmen der Hochschulraumstrukturmittel,Bildung,Weiterentwicklung der Repositorieninitiative „e-infrastructure“ im Rahmen der Hochschulraumstrukturmittel.,"Bildung, Integration und Inklusion",Bildung,0
Vereinbarung der Schaffung von elektronischen Lehr- und Lernangeboten im Rahmen der Leistungsvereinbarungen mit den Universitäten sowie Stärkung der institutionsübergreifenden Initiative „Forum neue Medien Austria“,Bildung,Beobachtung und Vereinbarung der Schaffung von elektronischen Lehr- und Lernangeboten im Rahmen der Leistungsvereinbarungen mit den Universitäten.,"Bildung, Integration und Inklusion",Bildung,3
"Die Veröffentlichung von Lehrinhalten soll der Standard werden. Die Veröffentlichung sollte durch Lizenzen abgesichert werden, die die Weitergabe und Neueinbettung in andere Lernprogramme ermöglichen.",Bildung,nicht vorhanden,"Bildung, Integration und Inklusion",,
"Schwerpunktsetzung bei Weiterbildungs­ angeboten zur digitalen Kompetenz von ErwachsenenbildnerInnen (z. B. Erwachsenen bildung-MOOC) sowie von neuen nonformalen und informellen Bildungsangeboten über digitale Wege (z. B. Webinare, Serious Games) im Bereich der außerschulischen Jugendarbeit und der Elternbildung",Bildung,"Ausbau von neuen non-formalen und informellen Bildungsangeboten über digitale Wege (z. B. Webinare, Serious Games) im Bereich der außerschulischen Jugendarbeit und der Elternbildung.","Bildung, Integration und Inklusion",Bildung,3
weggefallen,Bildung,Weiterentwicklung der Plattform Kulturpool als nationale Schnittstelle im Kontext von Europeana.,"Bildung, Integration und Inklusion",Bildung,2
weggefallen,Bildung,Jugendlichen durch Praktika Praxiserfahrung in der IKT ermöglichen und sie für die Forschung und Produktion von digitalen Technologien und Medien begeistern.,"Bildung, Integration und Inklusion",Bildung,7
weggefallen,Bildung,"Spezifische Angebote zur digitalen Beteiligung junger Menschen fördern (z. B.: im Rahmen von innovativen F&E Programmen, die IKT-unterstützte Partizipationsmethoden forcieren wie Sparkling Science, Citizen Science, Open Innovation)","Bildung, Integration und Inklusion",Bildung,4
weggefallen,Bildung,Digitale Kompetenzen als integrativer Bestandteil und fächerübergreifende Querschnittsmaterie der Bildungsangebote in der Erwachsenenbildung.,"Bildung, Integration und Inklusion",Bildung,10
weggefallen,Bildung,Vermittlung von Medienkompetenz an Jugendliche und Erziehende.,"Bildung, Integration und Inklusion",Bildung,13
weggefallen,Bildung,"„Shared Services“ für Schulen und standardisierte Anwendungen forcieren um Synergien zu nutzen, die Organisation zu entlasten und Transparenz zu fördern.","Bildung, Integration und Inklusion",Bildung,4
weggefallen,Bildung,"Finanzierung kooperativer Forschungsprojekte, gemeinsame Nutzung von Großgeräten im Rahmen der Hochschulraumstrukturmittel.","Bildung, Integration und Inklusion",Bildung,1
weggefallen,Bildung,Prüfung der Auswirkungen von MOOCs auf den Hochschulzugang und Studienerfolg.,"Bildung, Integration und Inklusion",Bildung,3
weggefallen,Bildung,Andenken einer Anrechenbarkeitsstelle inklusive Anrechenbarkeitskriterien für MOOCs,"Bildung, Integration und Inklusion",Bildung,3
weggefallen,Bildung,Unterstützung der Vernetzung im Austausch und der Weiterentwicklung von pädagogischen und didaktischen Herangehensweisen im Kontext der Nutzung von digitalen Medien und Technologien.,"Bildung, Integration und Inklusion",Bildung,3
weggefallen,Bildung,Entwicklung und Implementierung der Technologie-Nutzung als Lerninhalt und als Lernwerkzeug in der Erwachsenenbildung.,"Bildung, Integration und Inklusion",Bildung,1
weggefallen,Bildung,Evaluierung und Überprüfung der Zweckmäßigkeit des Einsatzes von digitalen Medien im Hinblick auf den Erwerb von generellen Fähigkeiten und Kompetenzen.,"Bildung, Integration und Inklusion",Bildung,3
"Förderung des Breitbandausbaus im Rahmen der Breitbandoffensive in Gebieten, wo sich der Ausbau privatwirtschaftlich nicht rechnet",Infrastruktur,nicht vorhanden,Infrastruktur,Breitband,
Gezielte Förderung der Grabungskosten im Rahmen der Breitbandoffensive zur Herstellung eines Anschlusses von Schulen oder kleinen und mittleren Unternehmen,Infrastruktur,nicht vorhanden,Infrastruktur,Breitband,
"Schaffen rechtlicher Rahmenbedingungen für die Verfügbarkeit von Infrastruktur (z. B. Mitbenutzung, Frequenzen) Unterstützung von Programmen, die die Entwicklung von Standards vorantreiben und beschleunigen",Infrastruktur,"Schaffung rechtlicher Rahmenbedingungen für die Verfügbarkeit von Infrastruktur (z. B. Mitbenützung, Frequenzbereiche, usw.)",Infrastruktur,Rechtsrahmen,4
"Einsatz offener Standards durch die öffentliche Verwaltung sowie Forschungs- und Bildungseinrichtungen (Universitäten, Fachhochschulen, Schulen) mit zeitlich definierten Migrations­ pfaden, damit alle Beteiligten ihre Entwicklungen und Investitionen darauf abstimmen können",Infrastruktur,Öffentliche Verwaltung setzt offene Standards ein und unterstützt Erstellung von Normen und Standards,Infrastruktur,Standards und Interoperabilität,4
weggefallen,Infrastruktur,"Die Migrationspfade zu offenen Standards sollen zeitlich definiert werden, damit alle Akteure ihre Entwicklungen und Investitionen darauf abstimmen können",Infrastruktur,Standards und Interoperabilität,1
Erarbeitung einer Strategie zur Einführung der fünften Generation im Mobilfunk (5G-Strategie),Infrastruktur,nicht vorhanden,Infrastruktur,Breitband,
weggefallen,Infrastruktur,"Gezielte Setzung von Anreizen für nachhaltige Investitionen im Breitband Infrastrukturbereich bei gleichzeitiger Nutzung von Brückentechnologien (Z. B.: Vectoring, G.fast, Hybridnetze) mit dem Ziel des flächendeckenden High-Speed Internetausbaus unter der Aufrechterhaltung von nachhaltigem Wettbewerb.
---
Nutzen von Brückentechnologien (Z.B.: Vectoring, G.fast, Hybridnetze) bis zum flächendeckenden High-Speed Internetausbau unter der Aufrechterhaltung von nachhaltigem Wettbewerb.",Infrastruktur,Breitband,13
weggefallen,Infrastruktur,Schaffung eines flächendeckenden ultraschnellen Breitbandzuganges (min. 100 Mbit/s).,Infrastruktur,Breitband,15
weggefallen,Infrastruktur,Bei Investitionen in die Infrastruktur werden die Wertschöpfungspotentiale für die regionalen Unternehmen evaluiert und in die Entscheidungsprozesse einfließen.,Infrastruktur,Wertschöpfung und Arbeitsmarkt,2
weggefallen,Infrastruktur,"Verstärkung der aktiven Öffentlichkeitsarbeit, Information und Beratung lokaler Entscheidungsträger.",Infrastruktur,Breitband,
weggefallen,Infrastruktur,Herstellung von Rechtssicherheit für Maßnahmen des Auf- und Ausbaus von digitaler Infrastruktur (Schlagworte: Netzneutralität und Over the top-Player),Infrastruktur,Rechtsrahmen,10
weggefallen,Infrastruktur,Im Lichte eines künftigen europäischen Normungsplanes und zur Stärkung der heimischen Wettbewerbsfähigkeit in einem globalen Markt wird sich die österreichische Bundesregierung für ein koordiniertes gemeinsames Vorgehen von Politik und Wirtschaft/Industrie einsetzen.,Infrastruktur,Standards und Interoperabilität,2
weggefallen,Infrastruktur,"Programme, die die Entwicklung von Standards vorantreiben und beschleunigen und damit zu einem reibungslosen Funktionieren von IKT-gestützten Systemen, Mechanismen und Abläufen beitragen, sollen unterstützt werden.",Infrastruktur,Standards und Interoperabilität,0
weggefallen,Infrastruktur,Aufzeigen der Wertschöpfungspotentiale soll die Awareness bei Fördermaßnahmen und Investitionsentscheidungen erhöhen.,Infrastruktur,Wertschöpfung und Arbeitsmarkt,2
weggefallen,Infrastruktur,Laufende Evaluierung der Rahmenbedingungen um Anforderungen der Digitalisierung mit der Infrastruktur in Einklang zu bringen.,Infrastruktur,Nutzung,10
"Fortsetzung bestehender, erfolgreicher FTI Programme und Initiativen sowie Ausrichtung auf österreichische Stärkefelder und Schwerpunkte im Bereich der Digitalisierung; Weiterführung der thematischen FTI-Initiativen „Produktion der Zukunft“, „Mobilität der Zukunft“ und „IKT der Zukunft“ sowie der Plattform „Industrie 4.0“",Forschung und Innovation,"Weiterführung der thematischen FTI-Initiativen „Produktion der Zukunft“ und „IKT der Zukunft“ und Ausrichtung auf österreichische Stärkefelder und Schwerpunkte wie z. B. Industrie 4.0/smart production, autonomes Fahren.",Forschung und Innovation,Thematische Schwerpunkte in der FTI-Förderung zur Digitalisierung der Wirtschaft,2
Verstärkung des Forschungsschwerpunkts Quantenphysik und Quantentechnologie durch die Entwicklung eines Quantencomputerdemonstrators sowie Einrichtung eines einschlägigen Förderprogramms ab 2017,Forschung und Innovation,nicht vorhanden,Forschung und Innovation,,
Verstärkung der österreichischen Forschung im Bereich der elektronisch basierten Systeme mit der Förderinitiative „Silicon Austria“ und der Errichtung eines neuen Forschungszentrums,Forschung und Innovation,nicht vorhanden,Forschung und Innovation,,
"Weiterführung der bestehenden Förderung von Sicherheitsforschung (KIRAS-Programm), unter anderem im Bereich der Cybersecurity",Forschung und Innovation,Die österreichische Forschung im Bereich Cyber-Sicherheit ist über die Schaffung zusätzlicher Anreize für Forscher zu stärken (z. B. KIRAS).,"Sicherheit, Schutz und Vertrauen",Cyber-Sicherheit für Bürgerinnen und Bürger und Wirtschaft,1
Einrichtung sicherer digitaler Wissensplattformen zur Unterstützung von Aktivitäten österreichischer wissenschaftlicher Akteure und deren Anbindung an Projektpartner aus der Wirtschaft,Forschung und Innovation,nicht vorhanden,Forschung und Innovation,,
Stärkere Nutzung der Digitalisierung für die Einbindung der BürgerInnen in den Forschungs und Innovationsprozess (Open Innovation),Forschung und Innovation,"Förderung von IKT-unterstützen Crowdsourcing Verfahren zur Mobilisierung des gesamtgesellschaftlichen Wissenspotentials für Forschung und Innovation (Citizen Science, Co-Creation, Open Innovation).",Forschung und Innovation,Kooperation zwischen Wirtschaft und Wissenschaft,2
Open-Access-Veröffentlichung aller wissenschaftlichen Publikationen bis 2025 im Rahmen der Open-Access-Strategie,Forschung und Innovation,"Förderung der Entwicklung und umfassenden Verwendung digitaler Lernmaterialien und digitaler online-Bildungsformaten in der sekundären, tertiären sowie Erwachsenenbildung unter Einschluss offener und freier Bildungsinhalte (OER – Open Educational Resources).",Forschung und Innovation,"Digitalisierung des Wissensmanagements und IPR
(Intellectual Property Rights)",
Entwicklung einer österreichischen Strategie im Bereich Open Data für die Wissenschaft unter Einbeziehung der österreichischen Repositorienlandschaft ,Forschung und Innovation,Impulse zur stärkeren Bereitstellung und Nutzung von Open Government Data (OGD) und Open Data,Politik und Verwaltung,Transparenz und Offenheit,5
Verankerung der Teilhabe der Universitäten an den Aktivitäten in den Bereichen Open Access und Open Data in den Leistungsvereinbarungen,Forschung und Innovation,nicht vorhanden,Forschung und Innovation,,
Entwicklung eines zukunftsweisenden und nachhaltigen Konzepts für E-Infrastrukturen und Datenmanagement im Life-Sciences-Bereich,Forschung und Innovation,nicht vorhanden,Forschung und Innovation,,
"Europäische Anbindung durch eine gezielte Prioritätensetzung und aktive Partnersuche im Rahmen von „Horizon 2020“ mit Fokus auf Digitalisierung sowie Teilnahme an europäischen Initiativen wie AAL (Active & Assisted Living), ECSEL (Electronic Components & Systems for European Leadership), ERA-Nets sowie EUREKA & Eurostars; aktive Mitwirkung Österreichs am Entstehen der „European Science Cloud“",Forschung und Innovation,nicht vorhanden,Forschung und Innovation,,
weggefallen,Forschung und Innovation,Stimulierung innovativer Dienstleistungen/Smart Services durch Öffnung des Innovationssystems für nicht-technologische Methoden.,Forschung und Innovation,"Thematische Schwerpunkte in der FTI-Förderung zur
Digitalisierung der Wirtschaft",1
weggefallen,Forschung und Innovation,Unterstützung der Digitalisierung der Produktion und Entwicklung neuer Geschäftsmodelle.,Forschung und Innovation,"Thematische Schwerpunkte in der FTI-Förderung zur
Digitalisierung der Wirtschaft",2
weggefallen,Forschung und Innovation,Stärkung der Kreativwirtschaft für die digitale Zukunft als zentrale „Übersetzerin“ des digitalen Fortschritts in kunden- und anwendungsfreundliche Endprodukte.,Forschung und Innovation,"Thematische Schwerpunkte in der FTI-Förderung zur
Digitalisierung der Wirtschaft",0
weggefallen,Forschung und Innovation,"Ausbau der Wissensbasis zur digitalen Wirtschaft. Durchführung sozialwissenschaftlicher Studien zur Identifikation der Auswirkungen, Chancen und Herausforderungen digitaler Innovationen.",Forschung und Innovation,"Thematische Schwerpunkte in der FTI-Förderung zur
Digitalisierung der Wirtschaft",1
weggefallen,Forschung und Innovation,"Fortsetzung bestehender erfolgreicher FTI-Programme und Initiativen (z. B. COMET, RSA, CDG, IKT der Zukunft, Produktion der Zukunft, Mobilität der Zukunft und Energie der Zukunft, AT:NET u. a.) unter Nutzung allfällig möglicher Schwerpunktsetzungen in österreichischen Stärkefeldern mit Marktpotenzial.",Forschung und Innovation,Kooperation zwischen Wirtschaft und Wissenschaft,6
weggefallen,Forschung und Innovation,"Forcierung der Kooperationen in Innovations-, Technologie- und Clusterplattformen als Beitrag zur Bewältigung des Strukturwandels. Plattformen sind aktuell in den Bereichen Mess-, Automatisierungs- und Robotertechnik, Photonik, Big Data, Active & Assisted Living, Industrie 4.0, Simulation, eingebetteter Systeme, Mikro- und Nanoelektronik organisiert. Ergänzend besteht die nationale Clusterplattform zur Vernetzung von Unternehmen, wissenschaftliche Einrichtungen, u. a., um Innovationen durch die Digitalisierung in Industrie und KMUs voran zu treiben.",Forschung und Innovation,Kooperation zwischen Wirtschaft und Wissenschaft,2
weggefallen,Forschung und Innovation,Etablierung der österreichischen Forschungsinfrastruktur-Datenbank als Instrument verstärkter gemeinsamer Nutzung und Forschungskooperationen zwischen Forschungseinrichtungen und Unternehmen,Forschung und Innovation,Kooperation zwischen Wirtschaft und Wissenschaft,1
weggefallen,Forschung und Innovation,Einrichtung sicherer digitaler Wissensplattformen zur Unterstützung von Aktivitäten österreichischer wissenschaftlicher Akteure und deren Anbindung an Projektpartner aus der Wirtschaft,Forschung und Innovation,Kooperation zwischen Wirtschaft und Wissenschaft,1
weggefallen,Forschung und Innovation,"Unterstützung eines professionellen, sicheren und raschen IP-Verwertungsmanagements von akademischen Forschungsergebnissen durch die neuen universitären Wissenstransferzentren zur Integration von vorhandenen und neuen Wissen und Technologien in die betriebliche Innovation.",Forschung und Innovation,Kooperation zwischen Wirtschaft und Wissenschaft,1
weggefallen,Forschung und Innovation,"Ausbau von Weiterbildung, Qualifizierung und Produktfindungsstrategie mit Bezug auf Digitalisierung. Förderung und Verankerung einschlägiger unternehmensrelevanter Forschungsschwerpunkte an österreichischen Universitäten und Fachhochschulen (Stiftungsprofessuren).",Forschung und Innovation,Kooperation zwischen Wirtschaft und Wissenschaft,0
weggefallen,Forschung und Innovation,"Stärkung der Kooperation zwischen Wirtschaft und Wissenschaft bereits auf Sekundarstufenebene (z. B. HTL-Projekte, Sparkling Science).",Forschung und Innovation,Kooperation zwischen Wirtschaft und Wissenschaft,
weggefallen,Forschung und Innovation,Gezielte Prioritätensetzung und aktive Partnersuche im Rahmen von Horizont 2020 mit Fokus auf Digitalisierung. Nutzung zusätzlicher Finanzierungsquellen wie EFRE/ESIF und EFSI.,Forschung und Innovation,Internationale Forschungskooperation,1
weggefallen,Forschung und Innovation,"Forcierung globaler Forschungskooperationen, um Europa bzw. Österreich als Wachstumstreiber für digitale Technologien und ihre Anwendung zu positionieren.",Forschung und Innovation,Internationale Forschungskooperation,1
weggefallen,Forschung und Innovation,"Teilnahme an europäischen Initiativen wie AAL (Active & Assisted Living), ECSEL (Electronic Components and Systems for European Leadership), ERA-Nets sowie EUREKA & Eurostars.",Forschung und Innovation,Internationale Forschungskooperation,1
weggefallen,Forschung und Innovation,"Ansiedlung am Standort Österreich von Co-Location Centers im Rahmen der Knowledge and Innovation Communities (KIC) des European Institute of Innovation and Technology, beispielsweise zum Thema „Added Value Manufacturing“.",Forschung und Innovation,Internationale Forschungskooperation,3
weggefallen,Forschung und Innovation,Ansiedlung am Standort Österreich von Forschungszentren internationaler IT/IT-­Dienstleistungs-Unternehmen.,Forschung und Innovation,Internationale Forschungskooperation,5
weggefallen,Forschung und Innovation,Berücksichtigung der IP-Strategie und der Open Innovation Strategie der Bundesregierung für die Digitalisierung.,Forschung und Innovation,"Digitalisierung des Wissensmanagements und IPR
(Intellectual Property Rights)",3
weggefallen,Forschung und Innovation,Open Access Veröffentlichung aller wissenschaftlichen Publikationen bis 2025 im Rahmen der Open-Access-Strategie.,Forschung und Innovation,"Digitalisierung des Wissensmanagements und IPR
(Intellectual Property Rights)",9
weggefallen,Forschung und Innovation,"Förderung der Entwicklung und umfassenden Verwendung digitaler Lernmaterialien und digitaler online-Bildungsformaten in der sekundären, tertiären sowie Erwachsenenbildung unter Einschluss offener und freier Bildungsinhalte (OER – Open Educational Resources).",Forschung und Innovation,"Digitalisierung des Wissensmanagements und IPR
(Intellectual Property Rights)",
weggefallen,Forschung und Innovation,Unterstützung der Ansätze von Open Data und Open Source sowie von Geschäftsmodellen inklusive offenen Service-Plattformen für die Nutzung von digitalem Content.,Forschung und Innovation,"Digitalisierung des Wissensmanagements und IPR
(Intellectual Property Rights)",9
weggefallen,Forschung und Innovation,Berücksichtigung von Ergebnissen der AG Digitale Verwaltung im Bereich Innovationsfördernde öffentliche Beschaffung. (IOB),Forschung und Innovation,"Digitalisierung des Wissensmanagements und IPR
(Intellectual Property Rights)",3
weggefallen,Forschung und Innovation,Ausbau des digitalen Bibliothekenverbunds und internationaler Anbindungen inklusive der „Kooperation E-Medien Österreich“. Ermöglichung eines chancen­gleichen Zugangs zu Wissen und Information in Bezug auf digitale Inhalte.,Forschung und Innovation,"Digitalisierung des Wissensmanagements und IPR
(Intellectual Property Rights)",19
weggefallen,Forschung und Innovation,Weiterführung der Förderung von Sicherheitsforschung und Technologien mit doppeltem Verwendungszweck u. a. in der Unterstützung nationaler Forschungsvorhaben im Bereich der Cyber-Sicherheit.,Forschung und Innovation,"Thematische Schwerpunkte in der FTI-Förderung zur
Digitalisierung der Wirtschaft",0
weggefallen,Forschung und Innovation,Aktualisierung des Förderreglements im Sinne der Anerkennung elektronischer Rechnungen bei Abrechnung von nationalen und europäischen (FTI-) Förderungen und einer Überprüfung der Förderbarkeit von Software.,Forschung und Innovation,Rahmenbedingungen,0
weggefallen,Forschung und Innovation,Weiterentwicklung der Förderbarkeit von FTI-Projekten um nicht-technologische Kategorien unter Zugrundelegung klar definierter Kriterien.,Forschung und Innovation,Rahmenbedingungen,1
weggefallen,Forschung und Innovation,Aufbau von webbasierten Lösungen zur Schaffung einheitlicher Ansprechstellen („one-stop/no-stop“) zur Verwaltungsvereinfachung.,Forschung und Innovation,Rahmenbedingungen,1
weggefallen,Forschung und Innovation,Abstimmung der elektronischen FTI Förderabwicklung der Förderagenturen.,Forschung und Innovation,Rahmenbedingungen,2
weggefallen,Forschung und Innovation,"Überprüfung der rechtlichen Rahmenbedingungen auf internationaler Ebene im Zusammenhang mit neuen IT-basierten Dienstleistungen und Technologien (z. B. bei Datensouveränität, Sicherheit bei autonomen Fahrzeugen etc.).  Vorantreiben der internationalen Standardisierung von Industrie 4.0/smart production und anderer Themen der digitalen Vernetzung.",Forschung und Innovation,Rahmenbedingungen,1
weggefallen,Forschung und Innovation,"Gezielte und strategische Nutzung von Open Innovation zur Steigerung der österreichischen Wettbewerbsfähigkeit, Förderung einer Open-Innovation-Kultur und von Open-Innovation-Kompetenzen in Österreich.",Forschung und Innovation,Rahmenbedingungen,2
weggefallen,Forschung und Innovation,"Die Einrichtung von Professuren für Data Science und Big Data soll die Ausbildung von wissenschaftlichen Datenfachkräften vorantreiben. Diese sollen insbesondere in der Lage sind, vertiefte thematische Analysen durchzuführen und maschinelle Ergebnisse auszuwerten.",Zukunft,“Big Data” und “Data Science”,5
weggefallen,Forschung und Innovation,"Verstärkte Forschungstätigkeit soll in den Bereichen Verarbeitung und Analyse von Daten, semantische Verarbeitung und kognitive Systeme erfolgen.",Zukunft,“Big Data” und “Data Science”,2
weggefallen,Forschung und Innovation,Die österreichische Bundesregierung wird die Ausarbeitung einer „Big Data Strategie“ unter Bezugnahme auf Chancen und Risiken prüfen.,Zukunft,“Big Data” und “Data Science”,6
weggefallen,Forschung und Innovation,Auf dem Gebiet komplexer IKT-Lösungen soll Forschung samt diesbezüglichem Know-how Transfer an relevante Stakeholder verstärkt werden (IKT der Zukunft; z.B. Cyber Physical Systems). ,Zukunft,Komplexe IKT-Lösungen beherrschen,4
weggefallen,Forschung und Innovation,"Die Vorreiterrolle Österreichs in diesem Feld soll gestärkt und der Vorsprung ausgenützt werden. Um das Potential zur Erweiterung der Geschäftsfelder der IKT-Wirtschaft Österreichs auszuschöpfen, soll der Transfer der Ergebnisse in die Unternehmen verstärkt werden. ",Zukunft,Komplexe IKT-Lösungen beherrschen,6
weggefallen,Forschung und Innovation,"Forcieren der Forschung zu und der Entwicklung von neuen Technologien, technologischen (Teil)-Systemen und urbanen Dienstleistungen für Städte.",Zukunft,Smart Cities,3
weggefallen,Forschung und Innovation,Vorantreiben der Entwicklung von IKT-basierten Produkten und Services („Mobility as a Service“) vor allem in den Bereichen „Multimodale Lebensstile“ und „Bewegungsaktive Mobilität“. ,Zukunft,Smart Cities,3
weggefallen,Forschung und Innovation,,,,
"Umsetzung der mit dem Start-up-Paket beschlossenen Maßnahmen zur Verbesserung der Rahmenbedingungen für GründerInnen:
– Risikokapitalprämie für InvestorInnen in einer Höhe von 20 Prozent zur Förderung von Investitionen in innovative Start-ups
– Aufstockung der Seed-Förderungen des aws sowie Neudotierung des aws Business Angel Fonds
– Lohnnebenkostenförderung für die ersten drei MitarbeiterInnen innovativer Start-ups
– Einführung von Gründungsfellowships für akademische Spin-offs",Wirtschaft,"Verbesserung der Rahmenbedingungen für die Gründung neuer Unternehmen und zur Schaffung neuer Arbeitsplätze, Abbau bürokratischer Hürden",Wirtschaft,Stärkung des Unternehmertums,12
"Flexible und bedarfsgemäße Weiterentwicklung des österreichischen Unternehmensfinanzierungssystems, insbesondere für innovative Wachstumsunternehmen",Wirtschaft,verbesserter Finanzierungszugang und Ausschöpfung alternativer Finanzierungsformen. Verknüpfung von Unternehmensregistern und Ausbau von einheitlichen Anlaufstellen. Ausbau von internationalen Unternehmens- und Innovationsnetzwerken.,Wirtschaft,Stärkung des Unternehmertums,3
"Erschließung bzw. Ausbau von Netzwerken für österreichische Unternehmen durch OPEN AUSTRIA, Österreichs Vertretung im Silicon Valley, als Schnittstelle zwischen innovativen Unternehmen, angewandter Forschung und öffentlichen Akteuren",Wirtschaft,Steigerung der Wettbewerbsfähigkeit von bestehenden Unternehmen und Erhalt eines hohen Beschäftigungsniveaus durch die Nutzung digitaler Technologie und mittels Impulse zur Internationalisierung.,Wirtschaft,Steigerung der Wettbewerbsfähigkeit,9
"Ausbau des Global Incubator Network (GIN) als „Single Contact Point“ zur internationalen Vernetzung von Start-ups, Investoren und Inkubatoren",Wirtschaft,nicht vorhanden,Wirtschaft,,
"Einführung eines Patentschecks, mit dem der Prozess der Schutzrechtanmeldung für KMU gefördert und der Kontakt zwischen Unternehmen und Patentamt gestärkt wird",Wirtschaft,nicht vorhanden,Wirtschaft,,
Einrichtung eines elektronischen One-Stop Shops für Unternehmensgründungen zur Vereinfachung der Verfahrensschritte bei einer Gründung und zur Verkürzung der Gründungsdauer,Wirtschaft,"Verbesserung der Rahmenbedingungen für die Gründung neuer Unternehmen und zur Schaffung neuer Arbeitsplätze, Abbau bürokratischer Hürden",Wirtschaft,Stärkung des Unternehmertums,
Schaffung einer komfortablen digitalen Plattformoberfläche für die öffentliche Auftragsvergabe,Wirtschaft,Schaffung von einheitlichen Plattformoberflächen für die öffentliche Auftragsvergabe.,Wirtschaft,Produzierender Sektor (Sekundärsektor),4
Stärkung der Kreativwirtschaft als zentrale „Übersetzerin“ des digitalen Fortschritts in kunden- und anwendungsfreundliche Endprodukte,Wirtschaft,nicht vorhanden,Wirtschaft,,
Stärkung der Vernetzung und Verbesserung des Zugangs zu Technologien durch die Etablierung von Digital Innovation Hubs,Wirtschaft,Etablierung innovativer Zentren und Cluster in Österreich.,Wirtschaft,Sicherung des Qualitätsstandortes Österreich,8
Unterstützung der digitalen Transformation von Klein- und Mittelbetrieben durch die gezielte Förderung von Beratungs- und Qualifizierungsmaßnahmen im Rahmen des neuen Förderprogramms „KMU.digital“ ab 2017,Wirtschaft,nicht vorhanden,Wirtschaft,,
"Schwerpunkt auf KMU und Open Source bei AT:net, einem Förderprogramm zur Markteinführung und Etablierung digitaler Anwendungen und Produkte",Wirtschaft,Gezieltes Förderprogramm für die Markteinführung von Diensten und Anwendungen auf Breitbandbasis.,Infrastruktur,Breitband,11
"Stärkung strategischer Zukunftssektoren im Bereich der Digitalisierung wie Big Data und Data Science, Cloud-Computing, Quantentechnologie oder Cybersecurity",Wirtschaft,"Stärkung der industriellen Basis und Fokussierung auf strategische Zukunfts-Sektoren (etwa Datenwirtschaft, Cloud-Computing, Energieeffizienz, Green Economy, Smart Industry, Sicherheitsanwendungen).",Wirtschaft,Steigerung der Wettbewerbsfähigkeit,9
"Intensivierung der IKT-Fachkräfteausbildung und der beruflichen Weiterbildung, insbesondere in den MINT-Fächern",Wirtschaft,"IKT-Fachkräfteausbildung, Intensivierung beruflicher Weiterbildungsmaßnahmen, Qualifikationen generell stärken – insbesondere in den MINT-Fächern (Mathematik, Informatik, Naturwissenschaften und Technik) (auch im Kap. Arbeit)",Wirtschaft,Potentiale und Chancen nutzen,3
"Kontinuierliche Überprüfung der Berufsrollen­ bilder, insbesondere laufende Weiterentwicklung und Anpassung der Lehrberufe an die Anforderungen der digitalen Arbeitswelt",Wirtschaft,nicht vorhanden,Wirtschaft,,
Zur Sicherung des akuten Fachkräftebedarfs mit Digitalisierungs-Know-how in der österreichischen Wirtschaft werden Programmierer ab 2017 auf der Mangelberufsliste geführt. Dadurch können Drittstaatenangehörige leichter und schneller in Österreich arbeiten.,Wirtschaft,nicht vorhanden,Wirtschaft,,
"Schaffen eines Rechtsrahmens, der nationale Onlinegeschäftsmodelle wettbewerbsfähig macht und die Bedürfnisse der KonsumentInnen berücksichtigt",Wirtschaft,"Schaffung eines Rechtsrahmens, der nationale Online-Geschäftsmodelle wettbewerbsfähig macht und Konsumentinnenbedürfnisse und Konsumentenbedürfnisse berücksichtigt.",Wirtschaft,Dienstleistungssektor (Tertiärsektor),5
"Verstärkung von bewusstseinsbildenden Maßnahmen, um KonsumentInnen die Funktionsweise von modernen Preisbildungssystemen näherzubringen",Wirtschaft,"Verstärkung von bewusstseinsbildenden Maßnahmen, um den Konsumentinnen und Konsumenten die Funktionsweise von modernen Preisbildungssystemen näherzubringen.",Wirtschaft,Dienstleistungssektor (Tertiärsektor),3
Erarbeiten von konkreten Maßnahmen zur Sicher stellung von Transparenz und Datenschutz bei den Verfahren zur individuellen Preisgestaltung im Rahmen der Datenschutz-Grundverordnung,Wirtschaft,"Fortsetzung der Untersuchungen Verbrauchererwartungen bei flexibler Preisbildung versus relativer Preisstabilität (Preisgestaltung, Transparenz und Vorhersehbarkeit) Es gibt Defizite in Hinblick auf Datenschutz und Transparenz gegenüber den Verbraucherinnen und Verbraucher, welche Daten verwendet werden. Bei der Umsetzung Datenschutz-Grundverordnung müssen konkrete Maßnahmen für Datenschutz und Transparenz bei den Verfahren zur individuellen Preisgestaltung erarbeitet werden.",Wirtschaft,Dienstleistungssektor (Tertiärsektor),2
Aktive Mitgestaltung der europäischen Initiativen zur Errichtung eines digitalen Binnenmarkts,Wirtschaft,nicht vorhanden,Wirtschaft,,
"Gezielter Abbau von Handelshindernissen und Wettbewerbsverzerrungen, etwa durch eine weitere Harmonisierung der Mehrwertsteuer und gemeinsame Maßnahmen gegen Steuerumgehung",Wirtschaft,Länderübergreifende Vereinfachungen im Bereich der Mehrwertsteuer.,Wirtschaft,Potentiale und Chancen nutzen,6
weggefallen,Wirtschaft,"Gezielter Abbau von Handelshindernissen (Geoblocking ist bei digitalen Inhalten nicht gerechtfertigt, im Bereich e-Commerce mit realen Gütern darf Preisdiskriminierung auf Basis der IP-Adresse nur bei Vorliegen objektiver Gründe (z. B. Transportkosten) erfolgen).",Wirtschaft,Potentiale und Chancen nutzen,14
weggefallen,Wirtschaft,"Adaptierungen europäischer Gesetze, um die Einhaltung von Standards (z. B. im Abgaben- und Steuerrecht sowie Konsumentenrecht) auch bei außereuropäischen Onlinediensten sicherzustellen, um etwaige Wettbewerbsverzerrungen einzudämmen",Wirtschaft,Potentiale und Chancen nutzen,4
weggefallen,Wirtschaft,Die Digitalisierung eröffnet Bürgerinnen und Bürger und Unternehmen gänzlich neue Chancen der Interaktion und führt zur Entstehung neuer Produkte und Geschäftsmodelle.,Wirtschaft,Potentiale und Chancen nutzen,9
Evaluierung des bestehenden EU-Rechtsrahmens im Bereich des Onlinehandels ein schließlich der Verbraucherrechte-Richtlinie sowie Sicherstellung der Einhaltung der Richtlinien durch Anbieter aus Drittstaaten,Wirtschaft,Evaluierung des bestehenden EU-Rechtsrahmens im Bereich des Online-Handels einschließlich der Verbraucherrechte-Richtlinie sowie Sicherstellung der Einhaltung der Richtlinien durch Anbieter aus Drittstaaten.,Wirtschaft,Dienstleistungssektor (Tertiärsektor),5
Mitwirkung an der Entwicklung von europäischen und internationalen Normen und Standards zur Wahrung österreichischer Interessen,Wirtschaft,nicht vorhanden,Wirtschaft,,
Umsetzung der effizienten europaweiten Paketzustellung,Wirtschaft,Nutzung der Potentiale des grenzüberschreitenden Online-Handels und effiziente europaweite Paketzustellung.,Wirtschaft,Potentiale und Chancen nutzen,4
Weiterentwicklung des Urheberrechtssystems auf europäischer Ebene,Wirtschaft,"Evaluierung/Weiterentwicklung des Urheberrechtssystems (auf europäischer Ebene), Gewährleistung der Rechts- und Planungssicherheit, Sicherstellung des Verbraucherschutzes, die Herausforderungen disruptiver neuer Vertriebskanäle und Konzentrationstendenzen im Hinblick auf das Wettbewerbsrecht bewältigen.",Wirtschaft,Potentiale und Chancen nutzen,15
weggefallen,Wirtschaft,"zielgerichtete Optimierung des Qualitätsstandortes Österreich für die digitale Wirtschaft und den Erhalt der Beschäftigung, insbesondere durch fortlaufende Innovation.",Wirtschaft,Sicherung des Qualitätsstandortes Österreich,13
weggefallen,Wirtschaft,Erhalt und Ausbau qualitativ hochwertiger Dienstleistungen.,Wirtschaft,Sicherung des Qualitätsstandortes Österreich,4
weggefallen,Wirtschaft,Nutzung der Drehscheibenfunktion zu Mittel- und Osteuropa.,Wirtschaft,Sicherung des Qualitätsstandortes Österreich,2
weggefallen,Wirtschaft,"Erhöhung der Binnennachfrage und Schaffung eines attraktiven Beschäftigungsumfelds, etwa durch aktive Qualifizierungs- und Weiterbildungsmaßnahmen.",Wirtschaft,Sicherung des Qualitätsstandortes Österreich,1
weggefallen,Wirtschaft,Schaffung eines attraktiven Unternehmensumfelds und Wachstumsmarktes für österreichische Klein- und Mittelbetriebe (KMU) und insbesondere Start-Ups in Europa.,Wirtschaft,Stärkung des Unternehmertums,11
weggefallen,Wirtschaft,Aktive Mitgestaltung bei der Erstellung europäischer Normen und Standards.,Wirtschaft,Steigerung der Wettbewerbsfähigkeit,4
weggefallen,Wirtschaft,"Chancengerechtigkeit und bessere Durchsetzung des Rechts im Digitalbereich, insbesondere bei der Nutzung von Online-Plattformen.",Wirtschaft,Potentiale und Chancen nutzen,7
weggefallen,Wirtschaft,Sicherstellung eines wirksamen Konsumentenschutzes unter Vermeidung von Überregulierung.,Wirtschaft,Potentiale und Chancen nutzen,2
weggefallen,Wirtschaft,"Nur durch eine moderne Netz- und Digitalisierungspolitik wird das Wachstumspotential in den Branchen angehoben und Österreich zu einem modernen und zukunftsorientierten Wirtschaftsstandort etabliert. Weiters kann hierdurch Planungssicherheit hergestellt, die heimische Wirtschaft IT-sicher gemacht, die Resilienz der unternehmerischen IT-Systeme erhöht und das Vertrauen in die digitale Welt optimiert werden. ",Wirtschaft,Potentiale und Chancen nutzen,4
weggefallen,Wirtschaft,zentrale Koordination der Politik zur Verbesserung Österreichs bei internationalen IKT-Benchmarks,Wirtschaft,Potentiale und Chancen nutzen,5
weggefallen,Wirtschaft,Forcierung und Nutzung neuer digitaler Technologien für innovative neue Geschäftsmodelle samt Beschleunigung und Effizienzsteigerung von Verwaltungs- und Bürokratieabläufen,Wirtschaft,Potentiale und Chancen nutzen,6
weggefallen,Wirtschaft,"Herausforderungen bei der Public Sector Information-Richtlinienumsetzung meistern (Kostendeckung für die Generierung öffentlicher Daten, Vermeidung von langfristigen Exklusivkonzessionen für Verwertung)",Wirtschaft,Potentiale und Chancen nutzen,9
weggefallen,Wirtschaft,Schaffung von Maßnahmen im Sinne einer nachhaltigen Re-Industrialisierung,Wirtschaft,Produzierender Sektor (Sekundärsektor),6
weggefallen,Wirtschaft,Ausbau der Andockfähigkeit von KMUs an größere (digitalisierte) Unternehmen,Wirtschaft,Produzierender Sektor (Sekundärsektor),1
weggefallen,Wirtschaft,"Stärkung des Verbrauchervertrauen und der Markttransparenz in der digitalen Welt durch z. B. die intensive Förderung von Gütezeichen und von „Privacy by Design“-Lösungen, die den Zeichenträgern Datenschutzkonformität und hohe Datensicherheit attestieren.",Wirtschaft,Dienstleistungssektor (Tertiärsektor),4
weggefallen,Wirtschaft,"Der gezielte Ausbau energieeffizienter Rechenzentren sowie Infrastrukturen im Kommunikationsbereich, Energieeffizienz bei IKT-Endgeräten – sowohl durch bereits existente Labels als auch durch intelligente Verwendung bei den Nutzerinnen und Nutzern, Verlagerung von Produkten zu Diensten (Dematerialisierung), intelligente Gebäudetechnik (Heiz-, Kühl- und Beleuchtungssysteme) soll verstärkt werden. Dafür sollen entsprechende Rahmenbedingungen auf nationaler und europäischer Ebene geschaffen werden.",Wirtschaft,„Green ICT“ und „Smart ICT“,
weggefallen,Wirtschaft,"Die Potentiale, die in der Studie „Green ICT in Österreich“ 3 sichtbar gemacht wurden, sollen genützt werden und die Umsetzung der Maßnahmen geprüft werden.",Wirtschaft,„Green ICT“ und „Smart ICT“,
weggefallen,Wirtschaft,"Aktive Öffentlichkeitsarbeit, Aufklärung und Beratung Effizienz und Kostenvorteil der elektronischen Rechnungstellung anerkennen (OGH-Urteil verhindert günstigere E-Rechnung)",Wirtschaft,E-Rechnung und E-Procurement,3
weggefallen,Wirtschaft,Die Verwendung von E-Rechnung und E-Procurement soll unter Berücksichtigung besonderer Bedürfnisse von Auftraggeber/Auftragnehmer und von Versender/Empfänger angemessen ausgebaut werden.,Wirtschaft,E-Rechnung und E-Procurement,4
weggefallen,Wirtschaft,"Evaluierung der Teilnahme an EU-weiten Projekten (Open-PEPPOL), um österreichischen KMU die Teilnahme an europäischen Vergabeverfahren zu ermöglichen.",Wirtschaft,E-Rechnung und E-Procurement,0
weggefallen,Wirtschaft,"Der Beirat für Wirtschafts- und Sozialfragen sollte sich unter Berücksichtigung europäischer Untersuchungen mit diesem Themenfeld [""Share Economy"", Anm.] eingehend auseinandersetzen.",Wirtschaft,Share Economy,2
"Förderung von Online-(Berufs-)Weiterbildungskursen zur Vermittlung digitaler Kompetenzen sowie von Umschulungen, die sich an den konkreten Bedürfnissen des Arbeitsmarkts orientieren",Arbeit und Arbeitsplätze,"Ermöglichung von Online-Weiterbildungskursen zur Vermittlung digitaler Kompetenzen, sowie die Schaffung von Online-Berufsweiterbildungen und Umschulungen",Arbeit und Arbeitsplätze,Qualifizierung,7
"Höherqualifizierung als Schlüssel für neue Kompetenzanforderungen: Ausbildungspflicht bis 18 Jahre, damit jeder junge Mensch eine höhere Ausbildung als die Pflichtschule erhält. Die Ausbildungsgarantie bis 25 Jahre ab 2017 ist eine weitere zentrale Maßnahme in diesem Bereich.",Arbeit und Arbeitsplätze,nicht vorhanden,Arbeit und Arbeitsplätze,,
"Mit der Wiedereinführung des Fachkräftestipendiums ab 2017, der Ausweitung der Arbeitsplatznahen Qualifizierung (AQUA) sowie der verstärkten Förderung und Unterstützung der betrieblichen Weiterbildung (insbesondere betriebliche Impulsprogramme) werden attraktive Nachqualifizierungsangebote geschaffen.",Arbeit und Arbeitsplätze,nicht vorhanden,Arbeit und Arbeitsplätze,,
"Weiterentwicklung des Anerkennungsgesetzes, um nonformal und informell erworbene Kompetenzen anerkennen zu können",Arbeit und Arbeitsplätze,Anpassungen der öffentlichen Arbeitsmarkteinrichtungen,Arbeit und Arbeitsplätze,Arbeitsmarktpolitik und Beschäftigungseffekte,2
"Um die Menschen besser bei der Planung ihrer Erwerbskarriere und den damit verbundenen Qualifizierungserfordernissen zu unterstützen, soll die Berufs- und Bildungsberatung weiter verstärkt werden.",Arbeit und Arbeitsplätze,nicht vorhanden,Arbeit und Arbeitsplätze,,
"Durch mehr Information über technische Ausbildungen und attraktive Angebote soll der Frauenanteil in den Berufsfeldern der Mathematik, Informatik, Naturwissenschaft und Technik (MINT) erhöht werden.",Arbeit und Arbeitsplätze,Allgemeine Attraktivierung von MINT-Ausbildungen und verstärkte Unterstützungsangebote für Mädchen und Frauen im Bereich MINT,Arbeit und Arbeitsplätze,Qualifizierung,4
Beachtung der Grenzen zwischen Privat- und Arbeitsleben,Arbeit und Arbeitsplätze,Sicherstellung der Einhaltung der Grenzen zwischen Privat- und Arbeitsleben.,Arbeit und Arbeitsplätze,Qualität der Beschäftigung und Technologischer Wandel,13
"Sicherstellen der sozialen Absicherung ein schließlich der (kollektiven) Mitbestimmung, auch bei neuen Formen der Beschäftigung",Arbeit und Arbeitsplätze,"Sicherstellung, dass bei allen neuen Formen der Beschäftigung die Mindeststandards insbesondere in Bezug auf Entgelt, Honorar, Rechnungslegung und soziale Absicherung einschließlich der (kollektiven) Mitbestimmung gewährleistet sind.",Arbeit und Arbeitsplätze,Qualität der Beschäftigung und Technologischer Wandel,6
weggefallen,Arbeit und Arbeitsplätze,Prüfung der bestehenden sozialen Schutzstandards für andere Formen der Beschäftigung in wirtschaftlicher Abhängigkeit,Arbeit und Arbeitsplätze,Qualität der Beschäftigung und Technologischer Wandel,6
Berücksichtigung des Beschäftigtendatenschutzes bei der Umsetzung der europäischen Datenschutz-Grundverordnung,Arbeit und Arbeitsplätze,nicht vorhanden,Arbeit und Arbeitsplätze,,
Zeitgerechte Einbindung der Belegschaft in Innovations- und Digitalisierungsprozesse,Arbeit und Arbeitsplätze,nicht vorhanden,Arbeit und Arbeitsplätze,,
"Initiierung von Dialogen und Beratungen, nicht nur auf betrieblicher, sondern auch auf Branchenebene",Arbeit und Arbeitsplätze,nicht vorhanden,Arbeit und Arbeitsplätze,,
weggefallen,Arbeit und Arbeitsplätze,Aus- und Weiterbildung im Rahmen der aktiven Arbeitsmarktpolitik.,Arbeit und Arbeitsplätze,Qualifizierung,1
weggefallen,Arbeit und Arbeitsplätze,"Lehrpläne, die sich an den Anforderungen des Erwerbslebens, des Studiums und des lebensbegleitenden Lernens orientieren.",Arbeit und Arbeitsplätze,Qualifizierung,8
Bundesweite Implementierung und Weiterentwicklung der Elektronischen Gesundheitsakte (ELGA) im intra- und extramuralen Bereich,"Gesundheit, Pflege und Soziales",Weiterentwicklung der Elektronischen Gesundheitsakte (ELGA),Gesellschaft,"Gesundheit, Pflege und Soziales",19
"Konzeption eines elektronischen Impfpasses, eines elektronischen Mutter-Kind-Passes sowie eines elektronischen Rezepts (E-Rezept)","Gesundheit, Pflege und Soziales",nicht vorhanden,Gesellschaft,"Gesundheit, Pflege und Soziales",
"Errichtung von Anlauf- und Beratungsstellen für die gesamte Bevölkerung, z. B. in Form eines elektronisch unterstützten Erstkontakt- und Beratungsservice (TEWEB)","Gesundheit, Pflege und Soziales",Einrichtung von Erstkontaktservices als umfassende Anlauf- und Beratungsstellen für die gesamte Bevölkerung Breite Nutzung von Assistenzsystemen (z. B. AAL/Smart Home) – gegebenenfalls in Verbindung mit Telemedizinservices – zur Unterstützung des selbstbestimmten Lebens älterer und/oder benachteiligter Menschen.,Gesellschaft,"Gesundheit, Pflege und Soziales",7
"Entwicklung einer Patient Summary mit der Zusammenfassung der wichtigsten PatientInnendaten wie Blutgruppe, Allergien oder Medikamentenunverträglichkeiten, die auch grenzüberschreitend eingesehen werden kann – die Zustimmung der PatientInnen vorausgesetzt","Gesundheit, Pflege und Soziales",nicht vorhanden,Gesellschaft,"Gesundheit, Pflege und Soziales",
Breite Nutzung von Assistenzsystemen zur Unterstützung von älteren Menschen und Menschen mit besonderen Bedürfnissen,"Gesundheit, Pflege und Soziales",nicht vorhanden,Gesellschaft,"Gesundheit, Pflege und Soziales",
"Erarbeitung von Rahmenbedingungen für elektronische Gesundheitsservices, wie etwa in der Telemedizin","Gesundheit, Pflege und Soziales","Einführung telemedizinischer Anwendungen, insbesondere für die Betreuung chronisch Kranker im Rahmen von Disease Management Programmen;",Gesellschaft,"Gesundheit, Pflege und Soziales",5
weggefallen,"Gesundheit, Pflege und Soziales","Auf- und Ausbau weiterer kollaborativer IKT-Systeme, in der Gesundheitsversorgung sowie eines technologiegestützten Pflegemanagements, die die Durchlässigkeit von Informationen zwischen den Bereichen und innerhalb jedes Bereiches (z. B. stationär/mobil) gewährleisten.",Gesellschaft,"Gesundheit, Pflege und Soziales",5
weggefallen,"Gesundheit, Pflege und Soziales","Erweiterung des aktiven und passiven Informationsangebots anhand von Webportalen und -anwendungen (z. B. Erinnerungs- und Wartezeitenservices, Webinare).",Gesellschaft,"Gesundheit, Pflege und Soziales",4
weggefallen,"Gesundheit, Pflege und Soziales","Forcierung der Verwendung anerkannter Standards, um neben der technischen auch die semantische Interoperabilität zu gewährleisten, herstellerspezifische Abhängigkeiten zu vermeiden und die Weiterverarbeitung von Daten – unter Berücksichtigung des Datenschutzes – zu ermöglichen.",Gesellschaft,"Gesundheit, Pflege und Soziales",7
Sicherung der Breitbandversorgung im ländlichen Raum durch die Umsetzung der österreichischen Breitbandstrategie ,"Umwelt, Energie,Landwirtschaft und Klimaschutz",Verfügbarkeit der Breitbandversorgung im ländlichen Raum auf Festnetz und mobil rasch sichern.  (auch im Kap. Infrastruktur),Wirtschaft,Land- und Forstwirtschaft (Primärsektor),0
Schaffung einheitlicher Datenstandards für selbstfahrende Maschinen und die Lebensmittellogistik sowie Sicherstellung der Datenrechte für die Inhaber autonomer Fahrzeuge in der Landwirtschaft,"Umwelt, Energie,Landwirtschaft und Klimaschutz",Schaffung von einheitlichen Datenstandards für fahrerlose Maschinen und für Erntemengen/Lebensmittel-Logistik.,Wirtschaft,Land- und Forstwirtschaft (Primärsektor),3
weggefallen,"Umwelt, Energie,Landwirtschaft und Klimaschutz",Verfügbarkeit von Daten aus fahrerlosen/smarten Maschinen für den Inhaber sichern.,Wirtschaft,Land- und Forstwirtschaft (Primärsektor),1
Gewährleistung des elektronischen Zugangs zu Umweltinformationen unter Berücksichtigung des Datenschutzes und der Wahrung des Schutzes kritischer Infrastruktur,"Umwelt, Energie,Landwirtschaft und Klimaschutz",Veröffentlichung von Inspektionsberichten und relevanten Umweltdaten unter Berücksichtigung des DSG 2000.,Gesellschaft,Umwelt und Klimaschutz,4
Zusammenfassung vorhandener Umweltdaten für eine benutzungsfreundliche und verortete Datenabfrage und eine themenübergreifende Datenanalyse,"Umwelt, Energie,Landwirtschaft und Klimaschutz",nicht vorhanden,Gesellschaft,Umwelt und Klimaschutz,
"Die Geodateninfrastruktur wird im Sinne der INSPIRE-Richtlinie weiterentwickelt und soll verstärkt für die Landwirtschafts-, Forstwirtschafts- und Umweltpolitik genutzt werden.","Umwelt, Energie,Landwirtschaft und Klimaschutz",IKT-Unterstützung von Abläufen/Prozessen im Bereich des AWG 2002 (z. B. Bescheidanträge) zur Verwaltungsvereinfachung für Behörden und für die Wirtschaft.,Gesellschaft,Umwelt und Klimaschutz,4
"Verbesserung des bestehenden EDM-Anlagenregisters, um es bedienungsfreundlicher und effizienter zu gestalten","Umwelt, Energie,Landwirtschaft und Klimaschutz","Verbesserung des bestehenden EDM Anlagenregisters, um es userfreundlicher zu gestalten.",Gesellschaft,Umwelt und Klimaschutz,3
Erhöhung der Versorgungssicherheit und Netzstabilität durch eine flexible Steuerung des Energiesystems (Smart Grids und die Wirtschaft als Prosumer),"Umwelt, Energie,Landwirtschaft und Klimaschutz",nicht vorhanden,Gesellschaft,Umwelt und Klimaschutz,
"Umsetzung des Smart-Meter-Rollouts: Damit wissen KonsumentInnen und Betriebe jederzeit, wie viel Strom sie verbrauchen, und können effizienter mit Strom umgehen, Kosten sparen und gleichzeitig einen Beitrag zur Versorgungssicherheit und besseren Integration erneuer­barer Energien leisten.","Umwelt, Energie,Landwirtschaft und Klimaschutz",nicht vorhanden,Gesellschaft,Umwelt und Klimaschutz,
weggefallen,"Umwelt, Energie,Landwirtschaft und Klimaschutz","Ermöglichung der Erfassung und Darstellung von Bescheidinhalten, die nach dem AWG erlassen worden sind, nach Gültigkeit.",Gesellschaft,Umwelt und Klimaschutz,3
weggefallen,"Umwelt, Energie,Landwirtschaft und Klimaschutz",Verbesserungen bei der Verfügbarmachung von Umwelt-Informationen,Gesellschaft,Umwelt und Klimaschutz,4
weggefallen,"Umwelt, Energie,Landwirtschaft und Klimaschutz",Zusammenführung von vorhandenen Umweltdaten für eine benutzerfreundliche und verortete Datenabfrage (z.B. „Whats in your backyard“) aber auch für eine themenübergreifende Datenanalyse.,Gesellschaft,Umwelt und Klimaschutz,2
weggefallen,"Umwelt, Energie,Landwirtschaft und Klimaschutz","Nutzung der staatlichen Geodateninfrastruktur auch für die Landwirtschafts-, Forstwirtschafts- und Umweltpolitik.",Gesellschaft,Umwelt und Klimaschutz,3
"Aktionsplan „Autonomes Fahren“: Etablierung von Implementierungs-Know-how und eines spezialisierten Kompetenzcenters für digitale Infrastrukturen, um sicherzustellen, dass die entsprechenden Kompetenzen hinsichtlich Planung, Finanzierung und Betrieb allen Betreibern von Straßenverkehrsinfrastrukturen in Österreich zur Verfügung stehen und auch den internationalen Kontext berücksichtigen.",Mobilität und Verkehr,nicht vorhanden,Gesellschaft,"Verkehr, Mobilität und Stadtplanung",
Start der Testumgebungen zum automatisierten Fahren ab 2017 und Einrichtung eines Labors für automatisiertes Fahren auf der Schiene 2018,Mobilität und Verkehr,nicht vorhanden,Gesellschaft,"Verkehr, Mobilität und Stadtplanung",
"Umsetzung klarer rechtlicher, ethischer und sicherheitstechnischer Rahmenbedingungen, Normen und Standards für automatisiertes Fahren sowie für die Datenverwendung für intelligente und lernende Verkehrsleitsysteme",Mobilität und Verkehr,Klare rechtliche und sicherheitstechnische Rahmenbedingungen für automatisiertes Fahren.,Gesellschaft,"Verkehr, Mobilität und Stadtplanung",10
"Nutzung der hohen IKT-Kompetenz Österreichs in der Fahrzeugelektronik und Steuerung von Antrieben, um Synergien zwischen der Automatisierung von Fahrzeugen und der Emissionsreduktion in Hybrid- und Elektrofahrzeugen zu ermöglichen",Mobilität und Verkehr,"Umsetzung einer Technologie-Roadmap zur Entwicklung und Markteinführung alternativer Antriebe, wo- bei das Innovationspotential aller Verkehrsmodi gefördert werden sollte.",Gesellschaft,"Verkehr, Mobilität und Stadtplanung",8
"Nutzen der Potenziale von IKT im Straßen-, Schienen, Fuß- und Radverkehr sowie in der Binnenschifffahrt, um die Infrastruktur, die Leitsysteme sowie die Verkehrssteuerung und -lenkung noch intelligenter und sicherer zu gestalten und zu vernetzen",Mobilität und Verkehr,"Nutzen des IKT-Potentials, um sowohl im Schienen- als auch Straßenverkehr sowie in der Binnenschifffahrt die Leitsysteme, die Verkehrssteuerung und –lenkung noch intelligenter zu gestalten.",Gesellschaft,"Verkehr, Mobilität und Stadtplanung",6
Förderung von intelligenten Verkehrssystemen wie in der EU-ITS-Richtlinie und dem nationalen ITS-Gesetz gefordert,Mobilität und Verkehr,nicht vorhanden,Gesellschaft,"Verkehr, Mobilität und Stadtplanung",
"Umsetzung der C-ITS-Strategie im öffentlichen und Individualverkehr zur Vernetzung der VerkehrsteilnehmerInnen, der einzelnen Fahrzeuge mit dem Verkehrsmanagement und der Verkehrsinfrastruktur sowie untereinander für mehr Sicherheit, Effizienz und Nachhaltigkeit",Mobilität und Verkehr,Ausschöpfen des Potentials von kooperativen Systemen (Fahrzeug zu Fahrzeug-Kommunikation und Fahrzeug zu Infrastruktur-Kommunikation).,Gesellschaft,"Verkehr, Mobilität und Stadtplanung",4
Entwicklung einer österreichischen Strategie im Bereich Open Data für die Wissenschaft unter Einbeziehung der österreichischen Repositorienlandschaft ,Mobilität und Verkehr,Erweiterung der österreichweiten und intermodalen Verkehrsauskunft um Echtzeitinformationen.,Gesellschaft,"Verkehr, Mobilität und Stadtplanung",21
Förderung/Erweiterung von zentralen digitalen Auskunftssystemen im Personen- und Güterverkehr für verschiedene Zielgruppen,Mobilität und Verkehr,nicht vorhanden,Gesellschaft,"Verkehr, Mobilität und Stadtplanung",
"Weiterentwicklung der Verkehrsauskunft  Österreich (VAO), Beschäftigung mit den Möglichkeiten von Big Data sowie verstärkte Nutzung von Open Data, Open Interface und Linking-of-Services-Ansätzen zur Schaffung neuer intermodaler Informations- und Zahlungslösungen",Mobilität und Verkehr,"Umfassende Behandlung der Frage der Telematik im Bereich der Verkehrsorganisation (Verkehrsüber- wachung, -lenkung, -beeinflussung, Ampelsteuerung) inkl. der Fragen zum Datenschutz, Privatsphäre und Cyber-Sicherheit",Gesellschaft,"Verkehr, Mobilität und Stadtplanung",6
weggefallen,Mobilität und Verkehr,Beschleunigung der Prozesse und Dienste in der Logistik durch Einsatz von IKT.,Gesellschaft,"Verkehr, Mobilität und Stadtplanung",1
weggefallen,Mobilität und Verkehr,"Vorantreiben der Forschung im Bereich Sensoren, die eine immer größere Rolle im Automobilbereich spielen.",Gesellschaft,"Verkehr, Mobilität und Stadtplanung",6
weggefallen,Mobilität und Verkehr,Förderung von Intelligenten Verkehrssystemen (IVS).,Gesellschaft,"Verkehr, Mobilität und Stadtplanung",8
weggefallen,Mobilität und Verkehr,Forcieren der Entwicklung im Bereich der Assistenzsysteme und der autonomen Systeme;,Gesellschaft,"Verkehr, Mobilität und Stadtplanung",8
weggefallen,Mobilität und Verkehr,"Forcierung der Erforschung und Systemintegration von kommerziellen Verkehrsflugzeugen aber auch unbemannten Luftfahrzeugen (z. B. Frequenznutzung der Boden-Luft-Kommunikation, Satellitenkommunikation, Fahrgastinformation sowie im Bereich des Flughafens)",Gesellschaft,"Verkehr, Mobilität und Stadtplanung",8
"Reform der Presseförderung, die den digitalen Wandel in der Medienwelt berücksichtigt, die journalistische Vielfalt und Qualität fördert und sowohl innovative Medienprodukte als auch traditionelle Medien beim Umstieg auf die Digitalisierung unterstützt","Medien, Zivilcourage und Kultur",nicht vorhanden,Gesellschaft,Kultur und Freizeit,
Stärkung der Aus- und Weiterbildung von JournalistInnen sowie Stärkung der Medienkompetenz,"Medien, Zivilcourage und Kultur",nicht vorhanden,Gesellschaft,Kultur und Freizeit,
"Weiterer Ausbau des digitalen Angebots in und von Kunst- und Kultureinrichtungen sowie einfacher Zugang. Dazu zählen Museen, Archive, Bibliotheken, Büchereien sowie nationale und europäische Plattformen wie Kulturpool und Europeana.","Medien, Zivilcourage und Kultur",Weiterer Ausbau des digitalen Angebotes in Kunst- und Kultureinrichtungen,Gesellschaft,Kultur und Freizeit,3
,"Medien, Zivilcourage und Kultur","Verbesserung des Zuganges zu Kunst und Kulturgütern in Museen, Archiven, Bibliotheken und Büchereien durch Digitalisierung",Gesellschaft,Kultur und Freizeit,5
,"Medien, Zivilcourage und Kultur",Ausbau des Informationsangebots in übergreifenden Portalen wie der europäischen digitalen Bibliothek Europeana,Gesellschaft,Kultur und Freizeit,2
"Bessere Nutzungsmöglichkeiten digitaler kultureller Inhalte für die Bildung, die Wissenschaft, den Tourismus und den Kreativbereich unter Berücksichtigung der Interessen der RechteinhaberInnen","Medien, Zivilcourage und Kultur","Stärkung der Nutzungsmöglichkeiten digitaler kultureller Inhalte für Bildung, Wissenschaft, Tourismus und den Kreativbereich",Gesellschaft,Kultur und Freizeit,3
,"Medien, Zivilcourage und Kultur",Besserer Zugang zu Waren und Dienstleistungen und gesteigerte Verwertbarkeit von digitalen Inhalten unter Achtung geistiger Eigentums- bzw. Schutzrechte.,Wirtschaft,Potentiale und Chancen nutzen,3
"Erhöhung der Teilhabe an kulturellen Angeboten durch digitale Lösungen wie mobile Angebote, Livestreams und Augmented Reality","Medien, Zivilcourage und Kultur",Erhöhung der Teilhabe an den vielfältigen Möglichkeiten des Kultur- und Freizeitangebots durch digitale Lösungen (mobile Angebote; interaktives Erleben via livestream und Chat; augmented reality bei Gebäu- den und Denkmalen; ...),Gesellschaft,Kultur und Freizeit,1
"Stärkung der Eigenverantwortung und Zivilcourage durch mehr Information und Aufklärung sowie Vernetzung und Förderung zivilgesellschaftlicher Prozesse gegen die Hasskultur im Internet (#gegenhassimnetz, NoHateSpeech­ Movement)","Medien, Zivilcourage und Kultur",nicht vorhanden,Gesellschaft,,
"Maßnahmen gegen Hatespeech und andere Straftaten in elektronischen Medien, wie z. B. die rasche Löschung strafrechtlich relevanter Sachverhalte","Medien, Zivilcourage und Kultur",nicht vorhanden,Gesellschaft,,
weggefallen,"Medien, Zivilcourage und Kultur",Förderung der freien Verfügbarkeit kultureller Daten (open data),Gesellschaft,Kultur und Freizeit,5
weggefallen,"Medien, Zivilcourage und Kultur",Förderung der Auseinandersetzung mit digitalen Ausdrucksformen der Kunst,Gesellschaft,Kultur und Freizeit,3
weggefallen,"Medien, Zivilcourage und Kultur",Stärkung der Information- und Vermittlungsarbeit zu „digitalen Spielen“ und der Nutzung von sozialen Netzwerken.,Gesellschaft,Kultur und Freizeit,5
Ausbau multilingualer Serviceplattformen zur Bereitstellung von Informationen und Lernmaterialen sowie zur erleichterten Anerkennung beruflicher Qualifikationen Ausbau von Serviceangeboten von Unternehmen und Privatpersonen im Rahmen integrationspolitischer Netzwerke,Integration und Inklusion,"Ausbau multilingualer Serviceplattformen etwa zur kostenlosen Bereitstellung von multimedialer Information, Lernmaterialen zum interaktiven Spracherwerb oder auch zur erleichterten Anerkennung beruflicher Qualifikationen.","Bildung, Integration und Inklusion",Integration,4
Verstärkte zielgruppenspezifische Vermittlung digitaler Kenntnisse und Zugangsmöglichkeiten zu erforderlicher Hardware,Integration und Inklusion,Verstärkte zielgruppenspezifische Vermittlung digitaler Kenntnisse bzw. von Zugangsmöglichkeiten zu erforderlicher Hardware als Maßnahmen der Arbeitsintegration.,"Bildung, Integration und Inklusion",Integration,1
"Vernetzung von Freiwilligen und NGOs durch digitale Anwendungen, um die Integration und den Spracherwerb zu erleichtern",Integration und Inklusion,"Vernetzung mit Initiativen zur Bekämpfung von funktionalem Analphabetismus und Stärkung der Fremdsprachenkompetenzen als Grundlage für digitale Teilhabe, verstärkter Einsatz digitaler Lern- und Lebenshilfsmittel zur Förderung der Inklusion von Menschen mit Behinderung.","Bildung, Integration und Inklusion",Inklusion,1
Forcierung von barrierefreiem Zugang durch die Umsetzung der Web-Accessibility-Richtlinie für Websites und mobile Anwendungen öffentlicher Stellen,Integration und Inklusion,"Verstärkung bundesweiter Maßnahmen zur Förderung der Barrierefreiheit in der Verwaltung, Unterstützung des Erwerbs von IKT- und Medienkompetenz für ältere bzw. IKT-ferne Personen durch öffentliche Stellen.","Bildung, Integration und Inklusion",Inklusion,9
Förderung der Barrierefreiheit in der Verwaltung sowie stärkere Anwendung von Standardverfahren zur Prüfung der Barrierefreiheit von IT-Produkten,Integration und Inklusion,"Bündelung der Initiativen von Unternehmen und NGOs zur Schließung der digitalen Kluft, stärkere Anwendung von Standardverfahren zur Prüfung der Barrierefreiheit von IT-Produkten, Förderung von Open Source-Anwendungen zur Reduktion von Softwarekosten.","Bildung, Integration und Inklusion",Inklusion,8
Bündelung der Initiativen von Unternehmen und NGOs zur Schließung der digitalen Kluft; Unterstützung des Erwerbs von IKT- und Medien­ kompetenz für ältere und IKT-ferne Personen unter Sicherstellung der Gendergerechtigkeit,Integration und Inklusion,nicht vorhanden,"Bildung, Integration und Inklusion",,
Bekämpfung von funktionalem Analphabetismus und Stärkung der Fremdsprachenkompetenz als Grundlage für die digitale Teilhabe,Integration und Inklusion,nicht vorhanden,"Bildung, Integration und Inklusion",,
Verstärkter Einsatz von Leichter-Lesen-Versionen durch öffentliche Stellen,Integration und Inklusion,nicht vorhanden,"Bildung, Integration und Inklusion",,
weggefallen,Integration und Inklusion,Ausbau sonstiger Serviceangebote von Unternehmen und Privatpersonen im Rahmen integrationspolitischer Netzwerke.,"Bildung, Integration und Inklusion",Integration,2
weggefallen,Integration und Inklusion,Sicherstellung von Gendergerechtigkeit seitens aller Stakeholder zwecks Reduzierung bestehender Unterrepräsentation von Frauen und Mädchen in digitalen Berufen wie in digitalisierten Lebenswelten.,"Bildung, Integration und Inklusion",Inklusion,7
weggefallen,Integration und Inklusion,"Verstärkung des Angebots an sämtliche Zielgruppen, über moderne IKT-Lösungen (Online-Diskussionen, Befragungspanels, Wikis, soziale Netzwerken etc.) an Meinungsbildungs- und Entscheidungsprozessen mitzuwirken. Dies schließt insbesondere Gesetzgebungsverfahren, Erstellung von (Arbeits-)Programmen und Strategien, Entwicklung neuer IKT-gestützter Verwaltungsdienstleistungen und andere Konsultationsprozesse in Verwaltung und Gesetzgebung ein.",Politik und Verwaltung,Partizipation und Demokratie,2
weggefallen,Integration und Inklusion,"Entwicklung hin zu einem digitalen Parlament (online-Antragswege, online-Konsultationen, online-Konferenzen, Digitalisierung der Parlamentsabläufe, Ausschüsse, usw...)",Politik und Verwaltung,Partizipation und Demokratie,1
weggefallen,Integration und Inklusion,"Förderung der stärkeren Nutzung moderner IKT-Lösungen durch Bürgerinnen und Bürger für Konsultations- und Entscheidungsprozesse in Verwaltung und Gesetzgebung, nach Möglichkeit auch im Ausland.",Politik und Verwaltung,Partizipation und Demokratie,0
weggefallen,Integration und Inklusion,Die Einführung neuer politischer Beteiligungsprozesse soll gefördert und durch Evaluierungen ihrer eventuellen sozial- oder geschlechtsspezifischen Verzerrungseffekte begleitet werden.,Politik und Verwaltung,Partizipation und Demokratie,3
"Umsetzung und Weiterentwicklung der Österreichischen Strategie für Cybersicherheit (ÖSCS) mit einem umfassenden Ansatz, der Staat, Wirtschaft, Wissenschaft und Gesellschaft einbindet","Sicherheit, Schutz und Vertrauen",Laufende Evaluierung und Stärkung der Cyber-Sicherheit der öffentlichen Verwaltung.,Politik und Verwaltung,Vertrauenswürdigkeit und Sicherheit,1
"Ausarbeitung eines modernen Netz- und Informationssicherheitsgesetzes (Cybersicherheitsgesetz): Meldepflichten für Betreiber wesentlicher Dienste, CSIRTs, Definition der internationalen Zusammenarbeit sowie nationaler und internationaler Ansprechstellen","Sicherheit, Schutz und Vertrauen","Schutz staatlicher Register und Datensammlungen zur Sicherstellung der Verfügbarkeit authentischer, unverwechselbarer Daten und digitaler Identitäten.",Politik und Verwaltung,Vertrauenswürdigkeit und Sicherheit,4
Aufbau strategischer und operativer NIS-Behörden zur gesamtstaatlichen Koordination von Vorfällen,"Sicherheit, Schutz und Vertrauen","Kooperation von Staat, Wirtschaft und Gesellschaft in einer Cyber-Sicherheit-Plattform und in der Kommunikation nach Außen","Sicherheit, Schutz
und Vertrauen",Cyber-Sicherheit für Bürgerinnen und Bürger und Wirtschaft,
Erstellung einer Cybersicherheitsagenda für die kommenden Jahre zur Darstellung aller wesentlichen Themen von Cybersicherheit in Österreich im Rahmen der Cybersicherheitsplattform,"Sicherheit, Schutz und Vertrauen",Schutz öffentlicher Infrastruktureinrichtungen und Informationsplattformen vor missbräuchlicher oder mutwilliger Beanspruchung,Politik und Verwaltung,Transparenz und Offenheit,3
"Aktive Öffentlichkeitsarbeit zum Thema Cybersicherheit durch die Förderung von zielgruppenspezifischen Aufklärungsprogrammen, z. B. für Lehrende, Eltern, SeniorInnen, Kinder und Jugendliche sowie Unternehmen, wie z.B. saferinternet.at und onlinesicherheit.gv.at","Sicherheit, Schutz und Vertrauen",Unterstützung jedes/jeder Einzelnen und der Unternehmen durch Awareness­Maßnahmen und Schulungsunterlagen.,"Sicherheit, Schutz
und Vertrauen","Privatsphäre, Datenschutz und Konsumentenschutz",3
Intensivierung und Ausbau der Cyberausbildung im Rahmen des Grundwehrdiensts beim Bundesheer ,"Sicherheit, Schutz und Vertrauen",nicht vorhanden,"Sicherheit, Schutz
und Vertrauen",,
Schaffung geeigneter Führungsstrukturen im Bereich Cyberabwehr und Weiterentwicklung der Cyberdefense-Fähigkeiten; Aufbau eines Cyberdefense-Lagezentrums sowie von Cyberschulungszentren bzw. „Cyber Documentation Research Centres“,"Sicherheit, Schutz und Vertrauen",nicht vorhanden,"Sicherheit, Schutz
und Vertrauen",,
Weiterer Ausbau der Kompetenzen des Cyber-Security-Centers (CS): Aufbau eines gesamtstaatlichen Cyberlagezentrums,"Sicherheit, Schutz und Vertrauen",nicht vorhanden,"Sicherheit, Schutz
und Vertrauen",,
Ausbau und Intensivierung der Ausbildung zu CyberermittlerInnen auf allen polizeilichen Ebenen,"Sicherheit, Schutz und Vertrauen",nicht vorhanden,"Sicherheit, Schutz
und Vertrauen",,
"Etablierung eines österreichischen Cybersicherheitsclusters mit Cybersicherheitsanbietern zur Bündelung der relevanten Kompetenzen und Aktivitäten, um Österreich als Standort für Cybersicherheitsanbieter zu etablieren","Sicherheit, Schutz und Vertrauen",Sichere Infrastrukturen zur Verfügung stellen.,"Sicherheit, Schutz
und Vertrauen","Privatsphäre, Datenschutz und Konsumentenschutz",3
"Ausgestaltung der Datenschutz-Grundverordnung auf nationaler Ebene, indem weiterhin ein möglichst hohes Datenschutzniveau sichergestellt wird und gleichzeitig die Chancen neuer digitaler Technologien ermöglicht werden","Sicherheit, Schutz und Vertrauen",Österreich setzt sich für eine gezielte Steigerung der europäischen Standortattraktivität für Clouds inklusive kontinuierlicher Weiterentwicklung von Sicherheitslösungen unter Berücksichtigung der internationalen Wettbewerbsfähigkeit ein.,Wirtschaft,Cloud Computing,3
Gezielte Nutzung des hohen Datenschutzniveaus in Österreich als Standortvorteil,"Sicherheit, Schutz und Vertrauen","Erhöhung des Verständnisses dafür, dass die hohen österreichischen Datenschutz-Standards und ökologischen Standards auch als Standortvorteil genutzt werden können.",Wirtschaft,Sicherung des Qualitätsstandortes Österreich,9
Aktives Mitgestalten Österreichs in der europäischen und internationalen Diskussion zu Datenschutz und internationalen Regeln,"Sicherheit, Schutz und Vertrauen",nicht vorhanden,"Sicherheit, Schutz
und Vertrauen",,
Förderung von Rechenzentren und Cloud Dienste-Anbietern mit Standorten ausschließlich in der EU oder im EWR zur Sicherstellung eines hohen Datenschutzniveaus und zur Vermeidung von Drittstaatsübermittlungen,"Sicherheit, Schutz und Vertrauen",Die österreichische Bundesregierung wird in Abstimmung mit der Cloud4Europe Initiative der EU die Ausarbeitung einer Strategie für den gezielten Einsatz von Cloud-Technologie für die Unterstützung und Weiterentwicklung moderner IKT-Verwaltungsstrukturen und Dienstleistungen prüfen.,Wirtschaft,E-Rechnung und E-Procurement,1
"Mehr Transparenz und klare Regeln bei kommerziellen Entscheidungen, die auf Konsumentenprofilen und Algorithmen basieren, wie etwa bei der (Bonitäts-)Bewertung von Personen oder der individuellen Preisbildung im Onlinehandel, unter Berücksichtigung von Betriebs- und Geschäftsgeheimnissen der betroffenen Unternehmen","Sicherheit, Schutz und Vertrauen",Mehr Transparenz bei auf Konsumentenprofilen und Algorithmen basierenden kommerziellen Entscheidungen wie bspw. der (Bonitäts-)Bewertung von Personen oder individueller Preisbildung im Online-Handel unter Berücksichtigung von Betriebs- und Geschäftsgeheimnissen betroffener Unternehmen.,"Sicherheit, Schutz
und Vertrauen","Privatsphäre, Datenschutz und Konsumentenschutz",6
"Sicherstellung eines leichten und kosten­ günstigen Zugangs zu Beratung und Hilfe für KonsumentInnen bei der Rechtsdurchsetzung, insbesondere beim grenzüberschreitenden Onlinehandel","Sicherheit, Schutz und Vertrauen",Ausbau der Möglichkeiten für Konsumentinnen und Konsumenten/Bürgerinnen und Bürger zu leichtem und kostengünstigen Zugang zu Beratung und Hilfe im Hinblick auf die Rechtsdurchsetzung.,"Sicherheit, Schutz
und Vertrauen","Privatsphäre, Datenschutz und Konsumentenschutz",11
"Stärkung des Onlinehandels durch eine Erhöhung des Konsumentenvertrauens im Wege der Prävention, der Aufklärung und der Bekämpfung von „Onlinefallen“","Sicherheit, Schutz und Vertrauen",Stärkung des Online-Handels durch Erhöhung des Konsumentinnenvertrauens und Konsumentenvertrauens im Wege der Prävention und Aufklärung gegen „Online-Fallen“.,"Sicherheit, Schutz
und Vertrauen","Privatsphäre, Datenschutz und Konsumentenschutz",4
weggefallen,"Sicherheit, Schutz und Vertrauen","Strikte Einhaltung der Bestimmungen zum Schutz personenbezogener Daten, insbesondere unter Berücksichtigung der weit reichenden technischen Möglichkeiten zur Datenverknüpfung.",Politik und Verwaltung,Vertrauenswürdigkeit und Sicherheit,3
weggefallen,"Sicherheit, Schutz und Vertrauen",Einfache Sicherheitstechniken fördern.,"Sicherheit, Schutz
und Vertrauen","Privatsphäre, Datenschutz und Konsumentenschutz",4
weggefallen,"Sicherheit, Schutz und Vertrauen",Informationsinitiativen zum Datenschutz sowie Vermittlung von Medien- und wesentlichen Rechtskompetenzen in der Ausbildung.,"Sicherheit, Schutz
und Vertrauen","Privatsphäre, Datenschutz und Konsumentenschutz",7
weggefallen,"Sicherheit, Schutz und Vertrauen",Verankerung des Rechts auf „Vergessen“ gegenüber Staat und Private,"Sicherheit, Schutz
und Vertrauen","Privatsphäre, Datenschutz und Konsumentenschutz",10
weggefallen,"Sicherheit, Schutz und Vertrauen","Umsetzung und Ausgestaltung der Datenschutz–Grundverordnung auf nationaler Ebene in der Form, dass bis­herige Schutzstandards keinesfalls unterschritten werden","Sicherheit, Schutz
und Vertrauen","Privatsphäre, Datenschutz und Konsumentenschutz",10
weggefallen,"Sicherheit, Schutz und Vertrauen",Förderung von Technologien zur Stärkung von Daten- und IT-Sicherheit zur Erhöhung des Datenschutzes,"Sicherheit, Schutz
und Vertrauen","Privatsphäre, Datenschutz und Konsumentenschutz",2
weggefallen,"Sicherheit, Schutz und Vertrauen","Aktive Auseinandersetzung mit neuen Techniken oder Arten der Datenverarbeitung unter Sicherstellung des fairen Wettbewerbs und der Verbraucherrechte (wie etwa Big Data, Cloud Computing, Scoring oder Connected Cars)","Sicherheit, Schutz
und Vertrauen","Privatsphäre, Datenschutz und Konsumentenschutz",3
weggefallen,"Sicherheit, Schutz und Vertrauen",Entwicklung und Förderung von (IT-)Konzepten zu „privacy by design“ und „privacy by default“ (Datenschutz durch Technik und datenschutzrechtliche Voreinstellungen) auch unter Berücksichtigung der Interessen der Konsumentinnen und Konsumenten.,"Sicherheit, Schutz
und Vertrauen","Privatsphäre, Datenschutz und Konsumentenschutz",1
weggefallen,"Sicherheit, Schutz und Vertrauen",Governance für Gesetzesvorlagen und Mindestsicherheitsstandards,"Sicherheit, Schutz
und Vertrauen",Cyber-Sicherheit für Bürgerinnen und Bürger und Wirtschaft,
weggefallen,"Sicherheit, Schutz und Vertrauen","Kooperation von Staat, Wirtschaft und Gesellschaft in einer Cyber-Sicherheit-Plattform und in der Kommunikation nach Außen","Sicherheit, Schutz
und Vertrauen",Cyber-Sicherheit für Bürgerinnen und Bürger und Wirtschaft,
weggefallen,"Sicherheit, Schutz und Vertrauen",Schutz kritischer Infrastrukturen: eine umfassende Sicherheitsarchitektur für mehr Resilienz,"Sicherheit, Schutz
und Vertrauen",Cyber-Sicherheit für Bürgerinnen und Bürger und Wirtschaft,
weggefallen,"Sicherheit, Schutz und Vertrauen",Sensibilisierung und Ausbildung,"Sicherheit, Schutz
und Vertrauen",Cyber-Sicherheit für Bürgerinnen und Bürger und Wirtschaft,
weggefallen,"Sicherheit, Schutz und Vertrauen",Forschung und Entwicklung,"Sicherheit, Schutz
und Vertrauen",Cyber-Sicherheit für Bürgerinnen und Bürger und Wirtschaft,
weggefallen,"Sicherheit, Schutz und Vertrauen",Internationale Zusammenarbeit,"Sicherheit, Schutz
und Vertrauen",Cyber-Sicherheit für Bürgerinnen und Bürger und Wirtschaft,
weggefallen,"Sicherheit, Schutz und Vertrauen",IKT-Sicherheit soll auf allen Ebenen der Aus- und Weiterbildung verstärkt vermittelt werden.,"Sicherheit, Schutz
und Vertrauen",Cyber-Sicherheit für Bürgerinnen und Bürger und Wirtschaft,1
weggefallen,"Sicherheit, Schutz und Vertrauen","Aufklärung und Sensibilisierung (Unternehmen, insb. KMU, Bürgerinnen und Bürger etc.) über Gefahren und Risiken der IKT durch geeignete bewusstseinsbildende Maßnahmen zur Risikominimierung (z. B. die Initiative Saferinternet.at für Kinder, Jugendliche, Eltern und Lehrende, sowie das IKT-Sicherheitsportal, oder Initiativen für Unternehmen wie www.it-safe.at, die Telefit-Roadshow oder der E-Day).","Sicherheit, Schutz
und Vertrauen",Cyber-Sicherheit für Bürgerinnen und Bürger und Wirtschaft,2
weggefallen,"Sicherheit, Schutz und Vertrauen","Ein großer Teil der benötigten IKT muss auf dem Weltmarkt eingekauft werden. Um auch hier die Sicherheit und digitale Souveränität zu stärken, sollen europäische und internationale Standards gefördert werden.","Sicherheit, Schutz
und Vertrauen",Cyber-Sicherheit für Bürgerinnen und Bürger und Wirtschaft,2
weggefallen,"Sicherheit, Schutz und Vertrauen","Die breit gefächerte Verwendung von sicheren digitalen Identitäten dient der Vorbeugung von Cyber-Kriminalität und erhöht die Cyber-Sicherheit für Bürgerinnen und Bürger und Wirtschaft. Daher ist das staatliche elektronische Identitätssystem (Bürgerkarte, Handy-Signatur als digitaler Ausweis) stetig zu evaluieren und weiterzuentwickeln.","Sicherheit, Schutz
und Vertrauen",Cyber-Sicherheit für Bürgerinnen und Bürger und Wirtschaft,8
weggefallen,"Sicherheit, Schutz und Vertrauen",Als Präventionsmaßnahme und zum besseren Verständnis über aktuelle Anforderungen werden im Zusammenspiel mit relevanten Akteuren Sicherheitsempfehlungen für die Cyber-Sicherheit definiert.,"Sicherheit, Schutz
und Vertrauen",Cyber-Sicherheit für Bürgerinnen und Bürger und Wirtschaft,2
weggefallen,"Sicherheit, Schutz und Vertrauen",Durch verstärkte Aufklärungs- und Informationsarbeit der Behörden in neuen Medien und unter Einsatz neuer Technologien soll die Sicherheit der Bürgerinnen und Bürger und von Unternehmen gestärkt werden.,"Sicherheit, Schutz
und Vertrauen",Cyber-Sicherheit für Bürgerinnen und Bürger und Wirtschaft,1
weggefallen,"Sicherheit, Schutz und Vertrauen","Prüfung der Einrichtung und Ausstattung der Meldestelle für Internetkriminalität des BMI zur Entgegennahme von Anzeigen. Zusätzliche Formen der Betrugsidentifizierung und Meldung (etwa über soziale Medien, Kooperationen, o. ä.) werden überlegt.","Sicherheit, Schutz
und Vertrauen",Cyber-Sicherheit für Bürgerinnen und Bürger und Wirtschaft,0
weggefallen,"Sicherheit, Schutz und Vertrauen","Die nationale Umsetzung der europäischen Richtlinie für Netz- und Informationssicherheit soll unter breiter Einbindung der wesentlichen Akteure als Cyber Sicherheitsgesetz den Rahmen für sichere IKT in relevanten Wirtschaftsbereichen vorgeben sowie die Grundlage für eine rasche und zielführende Behandlung von schwerwiegenden Sicherheitsvorfällen durch die Behörden schaffen, um dadurch die Widerstandskraft gegen Cyber-Bedrohungen gemeinsam zu erhöhen.","Sicherheit, Schutz
und Vertrauen",Cyber-Sicherheit für Bürgerinnen und Bürger und Wirtschaft,4
weggefallen,"Sicherheit, Schutz und Vertrauen","Entwicklung und Förderung von Präventions- und Vorsorgeprojekten, die auf zyklische Gefahren (Viren) oder auf nicht vorhersehbare Katastrophen (Black-out, off-line) zugeschnitten sind.","Sicherheit, Schutz
und Vertrauen",Resilienz,2
weggefallen,"Sicherheit, Schutz und Vertrauen",Evaluierung und Weiterentwicklung von Frühwarnsystemen zur Erhöhung der Reaktionszeit.,"Sicherheit, Schutz
und Vertrauen",Resilienz,1
weggefallen,"Sicherheit, Schutz und Vertrauen","Vorhaltung unerlässlicher Handlungsreserven, um resilientes Agieren zu ermöglichen.","Sicherheit, Schutz
und Vertrauen",Resilienz,1
weggefallen,"Sicherheit, Schutz und Vertrauen",Schaffung geeigneter Strukturen zur Fortführung bzw. möglichst raschen Wiederherstellung der Funktionsweise von Systemen.,"Sicherheit, Schutz
und Vertrauen",Resilienz,2
weggefallen,"Sicherheit, Schutz und Vertrauen",Anwendungen bzw. Prozesse in Verwaltung und Unternehmen sollten in unterschiedliche Risikogruppen eingeteilt und nach Prioritäten bewertet werden (Risikomanagement),"Sicherheit, Schutz
und Vertrauen",Ausfallsicherheit,2
weggefallen,"Sicherheit, Schutz und Vertrauen",Aufbauend auf das Risikomanagement werden entsprechende Supportprozesse und Notfallpläne implementiert; Einschlägige Best Practices (wie z. B. ITIL) dienen dabei als Vorbild.,"Sicherheit, Schutz
und Vertrauen",Ausfallsicherheit,2
weggefallen,"Sicherheit, Schutz und Vertrauen",Zurverfügungstellung eines autarken und robusten staatlichen Übertragungssystems zur Aufrechterhaltung der Sprachkommunikation bei Ausfall von Sprachübertragungssystemen der zivilen Provider.,"Sicherheit, Schutz
und Vertrauen",Ausfallsicherheit,3
Einführung eines umfassenden Rechts auf elektronischen Verkehr von BürgerInnen mit der Verwaltung,Politik und Verwaltung,Einführung eines umfassenden Rechts auf elektronische Kommunikation bzw. Interaktion mit der ge- samten „öffentlichen Hand“.,Politik und Verwaltung,Komfortable und einfache E-Government Services für Bürgerinnen und Bürger und Wirtschaft,8
"Erweiterung des E-Government-Angebots im Sinne einer Personalisierung und Regionalisierung, z. B. bei help.gv.at, weitere Verbesserungen im Unternehmens-Service-Portal usp.gv.at, Vernetzung und automatischer Informationsaustausch zwischen den E-Government-Angeboten von Bund, Ländern und Gemeinden",Politik und Verwaltung,"Erweiterung des e-Government Angebots u. a. durch das Projekt e_nnovation. Das Angebot „Meine Sozi- alversicherung“ wird schrittweise ausgebaut, die Kommunikationskanäle erweitert und um neue Services (z. B. Erinnerungsservice, Terminservice) erweitert.",Politik und Verwaltung,Komfortable und einfache E-Government Services für Bürgerinnen und Bürger und Wirtschaft,
"Ausweitung von One-Stop-Verfahren (alles an einer Stelle) und No-Stop-Verfahren (antragslos):
– Antragslose ArbeitnehmerInnenveranlagung: erste Steuergutschrift bereits im Herbst 2017
– Antragslose Verlängerung der Familienbeihilfe: Der Leistungsnachweis (z. B. bei Studierenden) wird automatisch abgefragt und der Anspruch verlängert.
– Namens- und Adressänderung: Änderungen nur noch an einer Stelle. Die anderen Behörden werden automatisch informiert.
– Einrichtung eines elektronischen One-Stop-Shops für Unternehmensgründungen (siehe Kapitel Wirtschaft)",Politik und Verwaltung,"Gebündelte und vernetzte Bereitstellung bestehender und neuer E-Government Angebote (Informationen, Services, Applikationen etc.) – mit Verfügbarkeit auch im Ausland – wo möglich nach dem One- Stop-No-Stop Ansatz.",Politik und Verwaltung,Komfortable und einfache E-Government Services für Bürgerinnen und Bürger und Wirtschaft,9
,Politik und Verwaltung,Ausbau des „No-Stop-Shop“-Prinzips für eine effiziente Verwaltung und ein verstärktes Service für Bürgerinnen und Bürger und Wirtschaft.,Politik und Verwaltung,Effizienzsteigerung durch E-Government,4
"Die vorhandene eID soll in Zukunft nicht nur EU-weit einsetzbar sein, sondern durch Attribute zu einem elektronischen Ausweis ausgeweitet werden (z. B. Führerschein, Jugendausweis, Personalausweis usw.). Ein künftiger behördlicher Registrierungsprozess ermöglicht noch größere Sicherheit.",Politik und Verwaltung,"Stetige Weiterentwicklung des staatlichen e-ID-Systems und breite Verwendung in der Verwaltung sowie in der Wirtschaft. (siehe auch im Themenbereich „Sicherheit, Schutz und Vertrauen“)",Politik und Verwaltung,Vertrauenswürdigkeit und Sicherheit,3
"Data only once: Informationen müssen der Behörde nur noch einmal gemeldet werden.  Das heißt, Dokumente wie Meldezettel oder Geburtsurkunde müssen der Behörde nicht mehr vorgelegt werden.",Politik und Verwaltung,nicht vorhanden,Politik und Verwaltung,,
Forcierung der elektronischen Zustellung und Erstellung eines gemeinsamen Anzeigemoduls für alle elektronischen Zustellungen,Politik und Verwaltung,"Das Zustellrecht wird durch möglichst weitgehende Beseitigung von Sonderregeln und divergenten Regeln (in Verwaltung, Finanz und Justiz) vereinheitlicht. Dadurch wird die elektronische Zustellung vereinfacht: Eine einmalige Anmeldung soll dazu führen, dass Unternehmen bzw. Bürgerinnen und Bürger alle Zustellungen elektronisch erhalten können.",Politik und Verwaltung,Effizienzsteigerung durch E-Government,2
Ausbau von Open Data und Open Government Data; Bereitstellung von weiteren Datensätzen der Behörden und Einbindung wichtiger Datenbestände des privaten Sektors,Politik und Verwaltung,"Bereitstellung nicht personenbezogener (Verwaltungs-)daten, auch um neue Geschäfts- und Innovationsfelder zu ermöglichen",Politik und Verwaltung,Transparenz und Offenheit,1
weggefallen,Politik und Verwaltung,"Forcieren der umfassenden Nutzung konsistenter und aktueller Register öffentlicher Daten, Abbau kommerzieller Barrieren und Schaffen der gesetzlichen Voraussetzungen auch für die Weiterleitung von Verwaltungsdaten im Auftrag der Bürgerinnen und Bürger unter Wahrung des Schutzes personenbezogener Informationen.",Politik und Verwaltung,Effizienzsteigerung durch E-Government,5
Forcierung von Open Source durch Behörden,Politik und Verwaltung,nicht vorhanden,Politik und Verwaltung,,
"Positionierung Österreichs als internationaler Vorreiter bei E-Government-Lösungen und als engagierter, verlässlicher Partner im Bereich E-Government",Politik und Verwaltung,"Die österreichische elektronische Identität soll nicht nur kompatibel und grenzüberschreitend anwendbar sein, sondern auch in anderen Ländern als Modell zum Einsatz kommen (Exportmöglichkeit).",Wirtschaft,Eindeutige digitale Unternehmensidentitäten nutzen,6
weggefallen,Politik und Verwaltung,Die Weiterentwicklung der Authentifizierungsmöglichkeiten – und die eindeutige Unternehmenskennung (Identität) im Verwaltungsbereich (GLN – Global Location Number) sollen unter Einbindung von Unternehmen vorangetrieben werden (Wirtschaftsportalverbund).,Wirtschaft,Eindeutige digitale Unternehmensidentitäten nutzen,4
weggefallen,Politik und Verwaltung,"Umfassende Umsetzung und Weiterentwicklung der Handy-Signatur als sektorübergreifende, einfache und sichere Lösung für den elektronischen Identitätsnachweis.",Politik und Verwaltung,Komfortable und einfache E-Government Services für Bürgerinnen und Bürger und Wirtschaft,6
weggefallen,Politik und Verwaltung,Gemeinsames Schnittstellenmanagement als Voraussetzung für durchgängig digitale Verfahren inkl.  elektronischer Zustellung.,Politik und Verwaltung,Komfortable und einfache E-Government Services für Bürgerinnen und Bürger und Wirtschaft,0
weggefallen,Politik und Verwaltung,Koordinierte österreichweite Verfügbarmachung standardisierter/harmonisierter Geodaten aller Verwaltungsebenen über das Internet unter Nutzung bestehender Einrichtungen wie Geoportalen sowie Verknüpfung mit E-Government-Anwendungen,Politik und Verwaltung,Komfortable und einfache E-Government Services für Bürgerinnen und Bürger und Wirtschaft,4
weggefallen,Politik und Verwaltung,Koordinierte Verfügbarmachung von Anwendungen und Analysetools zur Nutzung des Informationsgehaltes der öffentlichen Geodaten aller Verwaltungsebenen,Politik und Verwaltung,Komfortable und einfache E-Government Services für Bürgerinnen und Bürger und Wirtschaft,6
weggefallen,Politik und Verwaltung,"Einrichten einer wirksamen Kompetenz- und Servicestruktur für zentrale Komponenten des österreichischen E-Governments (Bürgerkarte, Vollmachten, Register, Zustellung) um die Einrichtung und Verwendung dieser Dienste über Verwaltungsgrenzen hinweg zur optimieren.",Politik und Verwaltung,Effizienzsteigerung durch E-Government,0
weggefallen,Politik und Verwaltung,"Schaffung eines Anreizsystems für E-Government-Services, um sowohl die Verwaltung als auch deren Kunden (Bürgerinnen und Bürger, Wirtschaft und sonstige Akteure) zu motivieren, das österreichische E-Government weiterzuentwickeln und umfassend zu nutzen.",Politik und Verwaltung,Effizienzsteigerung durch E-Government,1
weggefallen,Politik und Verwaltung,"Forcierung elektronischer Dokumente und deren elektronischer Zustellung, nach Möglichkeit auch im Ausland.",Politik und Verwaltung,Vertrauenswürdigkeit und Sicherheit,0
weggefallen,Politik und Verwaltung,"Breite Schaffung sicherer Zugänge zur Verwaltung, über die umfassend Einsicht in die Verwendung der eigenen Daten genommen werden kann.",Politik und Verwaltung,Vertrauenswürdigkeit und Sicherheit,3
weggefallen,Politik und Verwaltung,Steigerung der Bekanntheit der elektronischen Verwaltungsservices und der angebotenen offenen Daten sowohl innerhalb der Verwaltung als auch in der Öffentlichkeit,Politik und Verwaltung,Transparenz und Offenheit,1
weggefallen,Politik und Verwaltung,"Erweiterung des E-Government-Angebots insbesondere im Bereich von organisationsübergreifenden Verfahren und unter Einbeziehung der Wirtschaft und der Interessensvertretungen.
---
Erweiterung des e-Government Angebots u.a. durch das Projekt e_nnovation. Das Angebot „Meine Sozialversicherung“ wird schrittweise ausgebaut, die Kommunikationskanäle erweitert und um neue Services (z.B. Erinnerungsservice, Terminservice) erweitert.",Politik und Verwaltung,Komfortable und einfache E-Government Services für Bürgerinnen und Bürger und Wirtschaft,1
weggefallen,Politik und Verwaltung,"Legistische Anpassungen und budgetäre Vorkehrungen, um bestehende Selbstfinanzierungserfordernisse in der öffentlichen Verwaltung reduzieren oder beseitigen zu können",Politik und Verwaltung,Transparenz und Offenheit,1
weggefallen,Politik und Verwaltung,"Kooperationen mit Partnern aus Wirtschaft, Wissenschaft und Zivilgesellschaft (Multiplikatoren) [hinsichtlich “Transparenz und Offenheit”, Anm.]]",Politik und Verwaltung,Transparenz und Offenheit,4
weggefallen,Politik und Verwaltung,Zusammenarbeit und Einsatz der Kooperationspartner auf nationaler Ebene sollen zur Verstärkung der Konvergenz und zur Nutzung von Synergien intensiviert werden.,Politik und Verwaltung,Nationale und internationale „Konvergenz und Synergien“,1
weggefallen,Politik und Verwaltung,"Aktive Beteiligung an europäischen und internationalen E-Government Projekten, proaktive Mitgestaltung von Gesetzesvorhaben auf EU- und internationaler Ebene und verstärkte Verbreitung und aktives Einbringen nationaler Konzepte. Österreich soll sich weiterhin als E-Government Vorreiter positionieren. Die gemeinsamen Anstrengungen zur Verbesserung der österreichischen Position im internationalen E-Government Vergleich sowie die Orientierung an internationalen Best-Practice Beispielen sind daher zu intensivieren.",Politik und Verwaltung,Nationale und internationale „Konvergenz und Synergien“,1
